item_id,lexical_item_id,counterbalance_group,version,word,sentence,condition,interpretation,stimulus,low_base,high_base,lemma,lemma_category,freq_ortho,freq_ortho/M,log10_freq_ortho,zipf_scale,length,reading,analysis_status,stimulus_round,trial_role,target_version,experimental_list,filler_rotation,original_version,target_pair_number,target_assignment_method
HD061_low,HD061,,,desfotocopiável,que pode ser desfotocopiado,high_des,neg,desfotocopiável,-,fotocopiável,fotocopiar,ver,2,0.0637395957061184,0.3010299956639812,1.804409304459981,10,low,incorrect,new_high_des,target_high_des,B,B1,1,,1,adjacent_zipf_pair
HD062_high,HD062,,,descentrifugável,que não é centrifugável,high_des,neg,descentrifugável,-,centrifugável,centrifugar,ver,4,0.1274791914122368,0.6020599913279624,2.105439300123962,11,high,correct,new_high_des,target_high_des,B,B1,1,,1,adjacent_zipf_pair
HD063_low,HD063,,,desafricanizável,que pode ser desafricanizado,high_des,neg,desafricanizável,,africanizável,africanizar,ver,12,0.3824375742367104,1.0791812460476249,2.5825605548436243,11,low,incorrect,new_high_des,target_high_des,B,B1,1,,2,adjacent_zipf_pair
HD064_high,HD064,,,desradiografável,que não é radiografável,high_des,neg,desradiografável,,radiografável,radiografar,ver,13,0.4143073720897696,1.1139433523068367,2.6173226611028366,11,high,correct,new_high_des,target_high_des,B,B1,1,,2,adjacent_zipf_pair
HD065_low,HD065,,,destostável,que pode ser destostado,high_des,neg,destostável,,tostável,tostar,ver,15,0.478046967795888,1.1760912590556813,2.679470567851681,6,low,incorrect,new_high_des,target_high_des,B,B1,1,,3,adjacent_zipf_pair
HD066_high,HD066,,,desacanhável,que não é acanhável,high_des,neg,desacanhável,,acanhável,acanhar,ver,24,0.7648751484734208,1.380211241711606,2.8835905505076056,7,high,correct,new_high_des,target_high_des,B,B1,1,,3,adjacent_zipf_pair
HD068_high,HD068,,,desabonável,que não é abonável,high_des,neg,desabonável,,abonável,abonar,ver,28,0.8923543398856576,1.4471580313422192,2.950537340138219,6,high,correct,new_high_des,target_high_des,B,B1,1,,4,adjacent_zipf_pair
HD069_low,HD069,,,desrastreável,que pode ser desrastreado,high_des,neg,desrastreável,,rastreável,rastrear,ver,80,2.549583828244736,1.9030899869919435,3.4064692957879434,8,low,incorrect,new_high_des,target_high_des,B,B1,1,,4,adjacent_zipf_pair
HD071_high,HD071,,,desaglutinável,que não é aglutinável,high_des,neg,desaglutinável,-,aglutinável,aglutinar,ver,81,2.581453626097795,1.9084850188786497,3.4118643276746496,9,high,correct,new_high_des,target_high_des,B,B1,1,,5,adjacent_zipf_pair
HD073_low,HD073,,,desquantificável,que pode ser desquantificado,high_des,neg,desquantificável,,quantificável,quantificar,ver,89,2.836412008922269,1.9493900066449128,3.4527693154409125,11,low,incorrect,new_high_des,target_high_des,B,B1,1,,5,adjacent_zipf_pair
HD076_high,HD076,,,desuniformizável,que não é uniformizável,high_des,neg,desuniformizável,,uniformizável,uniformizar,ver,123,3.9199851359262814,2.089905111439398,3.5932844202353977,11,high,correct,new_high_des,target_high_des,B,B1,1,,6,adjacent_zipf_pair
HD067_low,HD067,,,desconsolável,que pode ser desconsolado,high_des,neg,desconsolável,,consolável,consolar,ver,143,4.557381092987465,2.155336037465062,3.6587153462610615,8,low,incorrect,new_high_des,target_high_des,B,B1,1,,6,adjacent_zipf_pair
HD079_low,HD079,,,dessondável,que pode ser dessondado,high_des,neg,dessondável,-,sondável,sondar,ver,168,5.354126039313946,2.225309281725863,3.7286885905218625,6,low,incorrect,new_high_des,target_high_des,B,B1,1,,7,adjacent_zipf_pair
HD081_high,HD081,,,desambiguável,que não é ambiguável,high_des,neg,desambiguável,,ambiguável,ambíguo,adj,218,6.947615931966905,2.3384564936046046,3.8418358024006043,7,high,correct,new_high_des,target_high_des,B,B1,1,,7,adjacent_zipf_pair
HD070_low,HD070,,,destolerável,que pode ser destolerado,high_des,neg,destolerável,,tolerável,tolerar,ver,223,7.106964921232201,2.3483048630481607,3.8516841718441603,7,low,incorrect,new_high_des,target_high_des,B,B1,1,,8,adjacent_zipf_pair
HD082_high,HD082,,,desmodelável,que não é modelável,high_des,neg,desmodelável,,modelável,modelar,ver,239,7.616881686881149,2.3783979009481375,3.881777209744137,7,high,correct,new_high_des,target_high_des,B,B1,1,,8,adjacent_zipf_pair
HD083_low,HD083,,,dessintetizável,que pode ser dessintetizado,high_des,neg,dessintetizável,,sintetizável,sintetizar,ver,262,8.34988703750151,2.4183012913197452,3.921680600115745,10,low,incorrect,new_high_des,target_high_des,B,B1,1,,9,adjacent_zipf_pair
HD072_high,HD072,,,desabilitável,que não é abilitável,high_des,neg,desabilitável,-,abilitável,habilitar,ver,268,8.541105824619866,2.428134794028789,3.9315141028247886,9,high,correct,new_high_des,target_high_des,B,B1,1,,9,adjacent_zipf_pair
HD074_low,HD074,,,desviolável,que pode ser desviolado,high_des,neg,desviolável,,violável,violar,ver,359,11.441257429248253,2.5550944485783194,4.058473757374319,6,low,incorrect,new_high_des,target_high_des,B,B1,1,,10,adjacent_zipf_pair
HD075_high,HD075,,,desexprimível,que não é exprimível,high_des,neg,desexprimível,,exprimível,exprimir,ver,417,13.289705704725685,2.6201360549737576,4.123515363769757,8,high,correct,new_high_des,target_high_des,B,B1,1,,10,adjacent_zipf_pair
HD087_high,HD087,,,desabitável,que não é abitável,high_des,neg,desabitável,,abitável,habitar,ver,451,14.3732788317297,2.6541765418779604,4.15755585067396,7,high,correct,new_high_des,target_high_des,B,B1,1,,11,adjacent_zipf_pair
HD088_low,HD088,,,despenetrável,que pode ser despenetrado,high_des,neg,despenetrável,,penetrável,penetrar,ver,491,15.648070745852067,2.6910814921229687,4.194460800918968,8,low,incorrect,new_high_des,target_high_des,B,B1,1,,11,adjacent_zipf_pair
HD077_low,HD077,,,dessolucionável,que pode ser dessolucionado,high_des,neg,dessolucionável,,solucionável,solucionar,ver,498,15.871159330823481,2.6972293427597176,4.200608651555717,10,low,incorrect,new_high_des,target_high_des,B,B1,1,,12,adjacent_zipf_pair
HD090_high,HD090,,,desperdoável,que não é perdoável,high_des,neg,desperdoável,,perdoável,perdoar,ver,516,16.444815692178548,2.7126497016272113,4.216029010423211,7,high,correct,new_high_des,target_high_des,B,B1,1,,12,adjacent_zipf_pair
HD091_high,HD091,,,desimitável,que não é imitável,high_des,neg,desimitável,-,imitável,imitar,ver,527,16.7953834685622,2.7218106152125467,4.225189924008546,6,high,correct,new_high_des,target_high_des,B,B1,1,,13,adjacent_zipf_pair
HD078_low,HD078,,,desarrumável,que pode ser desarrumado,high_des,neg,desarrumável,,arrumável,arrumar,ver,537,17.11408144709279,2.7299742856995555,4.233353594495555,7,low,incorrect,new_high_des,target_high_des,B,B1,1,,13,adjacent_zipf_pair
HD080_low,HD080,,,desabastecível,que pode ser desabastecido,high_des,neg,desabastecível,-,abastecível,abastecer,ver,618,19.695535073190584,2.790988475088816,4.294367783884816,9,low,incorrect,new_high_des,target_high_des,B,B1,1,,14,adjacent_zipf_pair
HD094_high,HD094,,,desajustável,que não é ajustável,high_des,neg,desajustável,-,ajustável,ajustar,ver,675,21.51211355081496,2.829303772831025,4.3326830816270245,7,high,correct,new_high_des,target_high_des,B,B1,1,,14,adjacent_zipf_pair
HD095_low,HD095,,,dessuportável,que pode ser dessuportado,high_des,neg,dessuportável,,suportável,suportar,ver,703,22.404467890700616,2.846955325019824,4.350334633815824,8,low,incorrect,new_high_des,target_high_des,B,B1,1,,15,adjacent_zipf_pair
HD097_high,HD097,,,desapertável,que não é apertável,high_des,neg,desapertável,-,apertável,apertar,ver,740,23.583650411263807,2.8692317197309762,4.3726110285269755,7,high,correct,new_high_des,target_high_des,B,B1,1,,15,adjacent_zipf_pair
HD098_low,HD098,,,desordenável,que pode ser desordenado,high_des,neg,desordenável,-,ordenável,ordenar,ver,777,24.762832931827,2.890421018800914,4.393800327596914,7,low,incorrect,new_high_des,target_high_des,B,B1,1,,16,adjacent_zipf_pair
HD099_high,HD099,,,desatualizável,que não é atualizável,high_des,neg,desatualizável,,atualizável,atualizar,ver,781,24.890312123239234,2.8926510338773004,4.3960303426733,9,high,correct,new_high_des,target_high_des,B,B1,1,,16,adjacent_zipf_pair
HD100_low,HD100,,,desconcebível,que pode ser desconcebido,high_des,neg,desconcebível,,concebível,conceber,ver,823,26.228843633067722,2.91539983521227,4.418779144008269,8,low,incorrect,new_high_des,target_high_des,B,B1,1,,17,adjacent_zipf_pair
HD084_high,HD084,,,desarticulável,que não é articulável,high_des,neg,desarticulável,,articulável,articular,ver,880,28.045422110692094,2.9444826721501687,4.447861980946168,9,high,correct,new_high_des,target_high_des,B,B1,1,,17,adjacent_zipf_pair
HD085_low,HD085,,,desapreciável,que pode ser desapreciado,high_des,neg,desapreciável,,apreciável,apreciar,ver,907,28.905906652724696,2.957607287060095,4.460986595856095,8,low,incorrect,new_high_des,target_high_des,B,B1,1,,18,adjacent_zipf_pair
HD086_high,HD086,,,desempregável,que não é empregável,high_des,neg,desempregável,,empregável,empregar,ver,931,29.670781801198114,2.9689496809813427,4.472328989777342,8,high,correct,new_high_des,target_high_des,B,B1,1,,18,adjacent_zipf_pair
HD101_low,HD101,,,desreprodutível,que pode ser desreproduzido,high_des,neg,desreprodutível,-,reprodutível,reproduzir,ver,978,31.168662300291896,2.9903388547876015,4.493718163583601,10,low,incorrect,new_high_des,target_high_des,B,B1,1,,19,adjacent_zipf_pair
HD103_high,HD103,,,descontestável,que não é contestável,high_des,neg,descontestável,-,contestável,contestar,ver,1106,35.24799642548347,3.0437551269686796,4.547134435764679,9,high,correct,new_high_des,target_high_des,B,B1,1,,19,adjacent_zipf_pair
HD089_low,HD089,,,desdetectável,que pode ser desdetectado,high_des,neg,desdetectável,,detectável,detectar,ver,1123,35.78978298898548,3.050379756261458,4.5537590650574575,8,low,incorrect,new_high_des,target_high_des,B,B1,1,,20,adjacent_zipf_pair
HD105_high,HD105,,,descoordenável,que não é coordenável,high_des,neg,descoordenável,-,coordenável,coordenar,ver,1184,37.73384065802209,3.073351702386901,4.5767310111829005,9,high,correct,new_high_des,target_high_des,B,B1,1,,20,adjacent_zipf_pair
HD092_low,HD092,,,desquestionável,que pode ser desquestionado,high_des,neg,desquestionável,-,questionável,questionar,ver,1306,41.621955996095316,3.115943176939055,4.619322485735054,10,low,incorrect,new_high_des,target_high_des,B,B1,1,,21,adjacent_zipf_pair
HD093_high,HD093,,,desanimável,que não é animável,high_des,neg,desanimável,-,animável,animar,ver,1378,43.916581441515575,3.139249217571607,4.642628526367607,6,high,correct,new_high_des,target_high_des,B,B1,1,,21,adjacent_zipf_pair
HD106_high,HD106,,,desprocessável,que não é processável,high_des,neg,desprocessável,-,processável,processar,ver,1411,44.96828477066653,3.149527013754348,4.652906322550347,9,high,correct,new_high_des,target_high_des,B,B1,1,,22,adjacent_zipf_pair
HD107_low,HD107,,,desavisável,que pode ser desavisado,high_des,neg,desavisável,-,avisável,avisar,ver,1531,48.79266051303363,3.184975190698261,4.6883544994942605,6,low,incorrect,new_high_des,target_high_des,B,B1,1,,22,adjacent_zipf_pair
HD096_high,HD096,,,desexplorável,que não é explorável,high_des,neg,desexplorável,,explorável,explorar,ver,1548,49.33444707653564,3.189770956346874,4.693150265142874,8,high,correct,new_high_des,target_high_des,B,B1,1,,23,adjacent_zipf_pair
HD108_low,HD108,,,descorrigível,que pode ser descorrigido,high_des,neg,descorrigível,,corrigível,corrigir,ver,1843,58.7360374431881,3.2655253352190736,4.768904644015073,8,low,incorrect,new_high_des,target_high_des,B,B1,1,,23,adjacent_zipf_pair
HD109_high,HD109,,,dessustentável,que não é sustentável,high_des,neg,dessustentável,,sustentável,sustentar,ver,1940,61.827407834934846,3.287801729930226,4.791181038726226,9,high,correct,new_high_des,target_high_des,B,B1,1,,24,adjacent_zipf_pair
HD110_low,HD110,,,desseparável,que pode ser desseparado,high_des,neg,desseparável,-,separável,separar,ver,2011,64.09016348250205,3.303412070596742,4.806791379392742,7,low,incorrect,new_high_des,target_high_des,B,B1,1,,24,adjacent_zipf_pair
HD102_low,HD102,,,desverificável,que pode ser desverificado,high_des,neg,desverificável,-,verificável,verificar,ver,2224,70.87843042520366,3.34713478291002,4.850514091706019,9,low,incorrect,new_high_des,target_high_des,B,B1,1,,25,adjacent_zipf_pair
HD111_high,HD111,,,descalculável,que não é calculável,high_des,neg,descalculável,-,calculável,calcular,ver,2267,72.24883173288521,3.3554515201265174,4.8588308289225175,8,high,correct,new_high_des,target_high_des,B,B1,1,,25,adjacent_zipf_pair
HD112_low,HD112,,,destransmissível,que pode ser destransmitido,high_des,neg,destransmissível,-,transmissível,transmitir,ver,2275,72.50379011570968,3.3569814009931314,4.860360709789131,10,low,incorrect,new_high_des,target_high_des,B,B1,1,,26,adjacent_zipf_pair
HD113_high,HD113,,,deslimitável,que não é limitável,high_des,neg,deslimitável,-,limitável,limitar,ver,2399,76.45564504948902,3.380030247967831,4.88340955676383,7,high,correct,new_high_des,target_high_des,B,B1,1,,26,adjacent_zipf_pair
HD104_high,HD104,,,desjustificável,que não é justificável,high_des,neg,desjustificável,-,justificável,justificar,ver,2543,81.04489594032954,3.405346360175709,4.908725668971709,10,high,correct,new_high_des,target_high_des,B,B1,1,,27,adjacent_zipf_pair
HD114_low,HD114,,,desoperável,que pode ser desoperado,high_des,neg,desoperável,-,operável,operar,ver,2559,81.55481270597849,3.4080702858871854,4.9114495946831855,6,low,incorrect,new_high_des,target_high_des,B,B1,1,,27,adjacent_zipf_pair
HD115_high,HD115,,,desalcançável,que não é alcançável,high_des,neg,desalcançável,-,alcançável,alcançar,ver,2640,84.13626633207629,3.4216039268698313,4.924983235665831,8,high,correct,new_high_des,target_high_des,B,B1,1,,28,adjacent_zipf_pair
HD116_low,HD116,,,desgravável,que pode ser desgravado,high_des,neg,desgravável,-,gravável,gravar,ver,2931,93.41037750731651,3.4670158184384356,4.970395127234435,6,low,incorrect,new_high_des,target_high_des,B,B1,1,,28,adjacent_zipf_pair
HD117_high,HD117,,,despraticável,que não é praticável,high_des,neg,despraticável,-,praticável,praticar,ver,2933,93.47411710302264,3.467312062980552,4.970691371776552,8,high,correct,new_high_des,target_high_des,B,B1,1,,29,adjacent_zipf_pair
HD118_low,HD118,,,desassistível,que pode ser desassistido,high_des,neg,desassistível,,assistível,assistir,ver,3447,109.85519319949506,3.5374412834079476,5.040820592203947,8,low,incorrect,new_high_des,target_high_des,B,B1,1,,29,adjacent_zipf_pair
HD119_high,HD119,,,dessubstituível,que não é substituível,high_des,neg,dessubstituível,,substituível,substituir,ver,3533,112.59599581485816,3.5481436374348454,5.051522946230845,10,high,correct,new_high_des,target_high_des,B,B1,1,,30,adjacent_zipf_pair
HD120_low,HD120,,,desobservável,que pode ser desobservado,high_des,neg,desobservável,-,observável,observar,ver,3764,119.95791911891483,3.5756496147552195,5.079028923551219,8,low,incorrect,new_high_des,target_high_des,B,B1,1,,30,adjacent_zipf_pair
HD121_low,HD121,,,descomunizável,que pode ser descomunizado,high_des,neg,descomunizável,-,comunizável,comum,adj,5091,162.2491408699244,3.706803097037338,5.210182405833338,5,low,incorrect,new_high_des,target_high_des,B,B1,1,,31,adjacent_zipf_pair
HD122_high,HD122,,,despreparável,que não é preparável,high_des,neg,despreparável,-,preparável,preparar,ver,5557,177.10046666944996,3.744840396785379,5.248219705581379,8,high,correct,new_high_des,target_high_des,B,B1,1,,31,adjacent_zipf_pair
HD123_low,HD123,,,desentendível,que pode ser desentendido,high_des,neg,desentendível,-,entendível,entender,ver,5801,184.87669734559643,3.763502865467597,5.266882174263596,8,low,incorrect,new_high_des,target_high_des,B,B1,1,,32,adjacent_zipf_pair
HD124_high,HD124,,,despublicável,que não é publicável,high_des,neg,despublicável,-,publicável,publicar,ver,6381,203.36118010037075,3.8048887446223913,5.3082680534183915,8,high,correct,new_high_des,target_high_des,B,B1,1,,32,adjacent_zipf_pair
HD125_high,HD125,,,desaceitável,que não é aceitável,high_des,neg,desaceitável,-,aceitável,aceitar,ver,6425,204.76345120590537,3.807873132003332,5.311252440799332,7,high,correct,new_high_des,target_high_des,B,B1,1,,33,adjacent_zipf_pair
HD126_low,HD126,,,desutilizável,que pode ser desutilizado,high_des,neg,desutilizável,-,utilizável,utilizar,ver,6873,219.04112064407587,3.83714634390906,5.340525652705059,8,low,incorrect,new_high_des,target_high_des,B,B1,1,,33,adjacent_zipf_pair
HD127_high,HD127,,,deselegível,que não é elegível,high_des,neg,deselegível,-,elegível,eleger,ver,7013,223.50289234350416,3.8459038388987827,5.349283147694782,6,high,correct,new_high_des,target_high_des,B,B1,1,,34,adjacent_zipf_pair
HD128_low,HD128,,,desexplicável,que pode ser desexplicado,high_des,neg,desexplicável,-,explicável,explicar,ver,7167,228.41084121287528,3.8553374044695405,5.35871671326554,8,low,incorrect,new_high_des,target_high_des,B,B1,1,,34,adjacent_zipf_pair
HD129_high,HD129,,,desevitável,que não é evitável,high_des,neg,desevitável,-,evitável,evitar,ver,7684,244.88752670290688,3.885587356189656,5.388966664985656,6,high,correct,new_high_des,target_high_des,B,B1,1,,35,adjacent_zipf_pair
HD130_low,HD130,,,despagável,que pode ser despagado,high_des,neg,despagável,-,pagável,pagar,ver,12389,394.8349256015504,4.093036252945163,5.596415561741162,5,low,incorrect,new_high_des,target_high_des,B,B1,1,,35,adjacent_zipf_pair
HD131_high,HD131,,,desconsiderável,que não é considerável,high_des,neg,desconsiderável,-,considerável,considerar,ver,12399,395.153623580081,4.093386660001371,5.596765968797371,10,high,correct,new_high_des,target_high_des,B,B1,1,,36,adjacent_zipf_pair
HD132_low,HD132,,,desrealizável,que pode ser desrealizado,high_des,neg,desrealizável,-,realizável,realizar,ver,12732,405.76626626514974,4.104896629948965,5.608275938744965,8,low,incorrect,new_high_des,target_high_des,B,B1,1,,36,adjacent_zipf_pair
HD133_low,HD133,,,desapresentável,que pode ser desapresentado,high_des,neg,desapresentável,-,apresentável,apresentar,ver,14486,461.66589169941557,4.160948480864697,5.664327789660696,10,low,incorrect,new_high_des,target_high_des,B,B1,1,,37,adjacent_zipf_pair
HD134_high,HD134,,,desusável,que não é usável,high_des,neg,desusável,-,usável,usar,ver,16270,518.5216110692731,4.211387552936859,5.714766861732858,4,high,correct,new_high_des,target_high_des,B,B1,1,,37,adjacent_zipf_pair
HI012_low,HI012,2,1,intolerável,que pode ser intolerado,high_in,neg,intolerável,-,tolerável,tolerar,verb,223,7.106964921,2.348304863,3.851684172,7,low,incorrect,first_round_retest,old_condition_filler,B,B1,1,1,,
HI015_low,HI015,2,1,incomputável,que pode ser incomputado,high_in,neg,incomputável,-,computável,computar,verb,279,8.891673601,2.445604203,3.948983512,8,low,incorrect,first_round_retest,old_condition_filler,B,B1,1,1,,
HI016_high,HI016,1,1,incontabilizável,que não é contabilizável,high_in,neg,incontabilizável,-,contabilizável,contabilizar,verb,329,10.48516349,2.517195898,4.020575207,12,high,correct,first_round_retest,old_condition_filler,B,B1,1,1,,
HI021_high,HI021,1,1,incopiável,que não é copiável,high_in,neg,incopiável,-,copiável,copiar,verb,397,12.65230975,2.598790507,4.102169816,6,high,correct,first_round_retest,old_condition_filler,B,B1,1,1,,
HI025_high,HI025,1,1,infalível,que não é falível,high_in,neg,infalível,-,falível,falhar,verb,488,15.55246135,2.688419822,4.191799131,6,high,correct,first_round_retest,old_condition_filler,B,B1,1,1,,
HI026_low,HI026,2,1,insolucionável,que pode ser insolucionado,high_in,neg,insolucionável,-,solucionável,solucionar,verb,498,15.87115933,2.697229343,4.200608652,10,low,incorrect,first_round_retest,old_condition_filler,B,B1,1,1,,
HI035_low,HI035,2,1,inconcebível,que pode ser inconcebido,high_in,neg,inconcebível,-,concebível,conceber,verb,823,26.22884363,2.915399835,4.418779144,8,low,incorrect,first_round_retest,old_condition_filler,B,B1,1,1,,
HI050_high,HI050,1,1,inseparável,que não é separável,high_in,neg,inseparável,-,separável,separar,verb,2011,64.09016348,3.303412071,4.806791379,7,high,correct,first_round_retest,old_condition_filler,B,B1,1,1,,
HI053_low,HI053,2,1,inconvertível,que pode ser inconvertido,high_in,neg,inconvertível,-,convertível,converter,verb,2381,75.88198869,3.376759395,4.880138704,9,low,incorrect,first_round_retest,old_condition_filler,B,B1,1,1,,
LD001_low,LD001,1,1,desaparafusável,que pode ser desaparafusado,low_des,rev,desaparafusável,desaparafusar,-,aparafusar,ver,1,0.031869798,0,1.503379309,10,low,correct,first_round_retest,old_condition_filler,B,B1,1,1,,
LD009_low,LD009,1,1,desatolável,que pode ser desatolado,low_des,rev,desatolável,desatolar,-,atolar,ver,45,1.434140903,1.653212514,3.156591823,6,low,correct,first_round_retest,old_condition_filler,B,B1,1,1,,
LD017_high,LD017,2,1,desnivelável,que não é nivelável,low_des,rev,desnivelável,desnivelar,nivelável,nivelar,ver,74,2.358365041,1.86923172,3.372611029,7,high,incorrect,first_round_retest,old_condition_filler,B,B1,1,1,,
LD034_low,LD034,1,1,desarquivável,que pode ser desarquivado,low_des,rev,desarquivável,desarquivar,arquivável,arquivar,ver,332,10.58077289,2.521138084,4.024517393,8,low,correct,first_round_retest,old_condition_filler,B,B1,1,1,,
LD052_low,LD052,1,1,desarmável,que pode ser desarmado,low_des,rev,desarmável,desarmar,-,armar,ver,2539,80.91741675,3.404662701,4.90804201,5,low,correct,first_round_retest,old_condition_filler,B,B1,1,1,,
LD056_high,LD056,2,1,desconstruível,que não é construível,low_des,rev,desconstruível,desconstruir,-,construir,ver,4343,138.4105321,3.637789829,5.141169138,9,high,incorrect,first_round_retest,old_condition_filler,B,B1,1,1,,
HD016_low,HD016,2,1,descapotável,que pode ser descapotado,high_des,neg,descapotável,-,capotável,capotar,ver,111,3.537547562,2.045322979,3.548702288,7,low,incorrect,first_round_retest,old_condition_filler,B,B1,1,1,,
HD026_high,HD026,1,1,descontornável,que não é contornável,high_des,neg,descontornável,-,contornável,contornar,ver,359,11.44125743,2.555094449,4.058473757,9,high,correct,first_round_retest,old_condition_filler,B,B1,1,1,,
HD037_high,HD037,1,1,desconfiável,que não é confiável,high_des,neg,desconfiável,-,confiável,confiar,ver,936,29.83013079,2.971275849,4.474655158,7,high,correct,first_round_retest,old_condition_filler,B,B1,1,1,,
HD038_low,HD038,2,1,desexportável,que pode ser desexportado,high_des,neg,desexportável,-,exportável,exportar,ver,972,30.97744351,2.987666265,4.491045574,8,low,incorrect,first_round_retest,old_condition_filler,B,B1,1,1,,
HD047_low,HD047,2,1,desplanejável,que pode ser desplanejado,high_des,neg,desplanejável,-,planejável,planejar,ver,1676,53.4137812,3.224274014,4.727653323,8,low,incorrect,first_round_retest,old_condition_filler,B,B1,1,1,,
HD059_high,HD059,1,1,desaprovável,que não é aprovável,high_des,neg,desaprovável,-,aprovável,aprovar,ver,5741,182.9645095,3.758987547,5.262366856,7,high,correct,first_round_retest,old_condition_filler,B,B1,1,1,,
HI001_high,HI001,2,2,insaciável,que não é saciável,high_in,neg,insaciável,-,saciável,saciar,verb,47,1.497880499,1.672097858,3.175477167,6,high,correct,first_round_retest,old_condition_filler,B,B1,1,2,,
HI010_low,HI010,3,2,indelimitável,que pode ser indelimitado,high_in,neg,indelimitável,-,delimitável,delimitar,verb,162,5.162907252,2.209515015,3.712894323,9,low,incorrect,first_round_retest,old_condition_filler,B,B1,1,2,,
HI019_low,HI019,3,2,improrrogável,que pode ser improrrogado,high_in,neg,improrrogável,-,prorrogável,prorrogar,verb,379,12.07865339,2.57863921,4.082018519,9,low,incorrect,first_round_retest,old_condition_filler,B,B1,1,2,,
HI029_high,HI029,2,2,indelegável,que não é delegável,high_in,neg,indelegável,-,delegável,delegar,verb,528,16.82725327,2.722633923,4.226013231,7,high,correct,first_round_retest,old_condition_filler,B,B1,1,2,,
HI034_low,HI034,3,2,inesgotável,que pode ser inesgotado,high_in,neg,inesgotável,-,esgotável,esgotar,verb,773,24.63535374,2.888179494,4.391558803,7,low,incorrect,first_round_retest,old_condition_filler,B,B1,1,2,,
HI039_high,HI039,2,2,indetectável,que não é detectável,high_in,neg,indetectável,-,detectável,detectar,verb,1123,35.78978299,3.050379756,4.553759065,8,high,correct,first_round_retest,old_condition_filler,B,B1,1,2,,
HI044_low,HI044,3,2,improcessável,que pode ser improcessado,high_in,neg,improcessável,-,processável,processar,verb,1411,44.96828477,3.149527014,4.652906323,9,low,incorrect,first_round_retest,old_condition_filler,B,B1,1,2,,
HI052_high,HI052,2,2,indesejável,que não é desejável,high_in,neg,indesejável,-,desejável,desejar,verb,2322,74.00167061,3.365862215,4.869241524,7,high,correct,first_round_retest,old_condition_filler,B,B1,1,2,,
LD004_low,LD004,2,2,dessalinizável,que pode ser dessalinizado,low_des,rev,dessalinizável,dessalinizar,-,salinizar,ver,5,0.159348989,0.698970004,2.202349313,9,low,correct,first_round_retest,old_condition_filler,B,B1,1,2,,
LD005_low,LD005,2,2,desumidificável,que pode ser desumidificado,low_des,rev,desumidificável,desumidificar,-,umidificar,ver,5,0.159348989,0.698970004,2.202349313,10,low,correct,first_round_retest,old_condition_filler,B,B1,1,2,,
LD018_high,LD018,3,2,desemaranhável,que não é emaranhável,low_des,rev,desemaranhável,desemaranhar,emaranhável,emaranhar,ver,75,2.390234839,1.875061263,3.378440572,9,high,incorrect,first_round_retest,old_condition_filler,B,B1,1,2,,
LD037_high,LD037,3,2,descolável,que não é colável,low_des,rev,descolável,descolar,colável,colar,ver,392,12.49296076,2.593286067,4.096665376,5,high,incorrect,first_round_retest,old_condition_filler,B,B1,1,2,,
LD041_low,LD041,2,2,destravável,que pode ser destravado,low_des,rev,destravável,destravar,-,travar,ver,632,20.14171224,2.800717078,4.304096387,6,low,correct,first_round_retest,old_condition_filler,B,B1,1,2,,
LD046_high,LD046,3,2,desvinculável,que não é vinculável,low_des,rev,desvinculável,desvincular,-,vincular,ver,979,31.2005321,2.990782692,4.494162001,8,high,incorrect,first_round_retest,old_condition_filler,B,B1,1,2,,
LD049_low,LD049,2,2,desprogramável,que pode ser desprogramado,low_des,rev,desprogramável,desprogramar,-,programar,ver,1547,49.30257728,3.189490314,4.692869622,9,low,correct,first_round_retest,old_condition_filler,B,B1,1,2,,
LD055_high,LD055,3,2,desorganizável,que não é organizável,low_des,rev,desorganizável,desorganizar,organizável,organizar,ver,3424,109.1221878,3.534533756,5.037913065,9,high,incorrect,first_round_retest,old_condition_filler,B,B1,1,2,,
LD059_high,LD059,3,2,desligável,que não é ligável,low_des,rev,desligável,desligar,-,ligar,ver,6657,212.1572443,3.823278557,5.326657866,5,high,incorrect,first_round_retest,old_condition_filler,B,B1,1,2,,
HD001_high,HD001,2,2,descomensurável,que não é comensurável,high_des,neg,descomensurável,-,comensurável,comensurar,ver,1,0.031869798,0,1.503379309,10,high,correct,first_round_retest,old_condition_filler,B,B1,1,2,,
HD007_high,HD007,2,2,deslapidável,que não é lapidável,high_des,neg,deslapidável,,lapidável,lapidar,ver,25,0.796744946,1.397940009,2.901319317,7,high,correct,first_round_retest,old_condition_filler,B,B1,1,2,,
HD011_low,HD011,3,2,destriturável,que pode ser destriturado,high_des,neg,destriturável,,triturável,triturar,ver,54,1.720969084,1.73239376,3.235773069,8,low,incorrect,first_round_retest,old_condition_filler,B,B1,1,2,,
HD024_high,HD024,2,2,desnavegável,que não é navegável,high_des,neg,desnavegável,-,navegável,navegar,ver,222,7.075095123,2.346352974,3.849732283,7,high,correct,first_round_retest,old_condition_filler,B,B1,1,2,,
HD027_high,HD027,2,2,desrespirável,que não é respirável,high_des,neg,desrespirável,-,respirável,respirar,ver,361,11.50499702,2.557507202,4.060886511,8,high,correct,first_round_retest,old_condition_filler,B,B1,1,2,,
HD036_low,HD036,3,2,desagradável,que pode ser desagradado,high_des,neg,desagradável,-,agradável,agradar,ver,838,26.7068906,2.923244019,4.426623327,7,low,incorrect,first_round_retest,old_condition_filler,B,B1,1,2,,
HD045_low,HD045,3,2,desadministrável,que pode ser desadministrado,high_des,neg,desadministrável,-,administrável,administrar,ver,1421,45.28698275,3.152594078,4.655973387,11,low,incorrect,first_round_retest,old_condition_filler,B,B1,1,2,,
HD051_low,HD051,3,2,desmedível,que pode ser desmedido,high_des,neg,desmedível,-,medível,medir,ver,1940,61.82740783,3.28780173,4.791181039,5,low,incorrect,first_round_retest,old_condition_filler,B,B1,1,2,,
HI006_low,HI006,4,3,impenhorável,que pode ser impenhorado,high_in,neg,impenhorável,-,penhorável,penhorar,verb,109,3.473807966,2.037426498,3.540805807,8,low,incorrect,first_round_retest,old_condition_filler,B,B1,1,3,,
HI023_high,HI023,3,3,inexprimível,que não é exprimível,high_in,neg,inexprimível,-,exprimível,exprimir,verb,417,13.2897057,2.620136055,4.123515364,8,high,correct,first_round_retest,old_condition_filler,B,B1,1,3,,
HI032_low,HI032,4,3,inajustável,que pode ser inajustado,high_in,neg,inajustável,-,ajustável,ajustar,verb,675,21.51211355,2.829303773,4.332683082,7,low,incorrect,first_round_retest,old_condition_filler,B,B1,1,3,,
HI040_low,HI040,4,3,insegurável,que pode ser insegurado,high_in,neg,insegurável,-,segurável,segurar,verb,1173,37.38327288,3.069298012,4.572677321,7,low,incorrect,first_round_retest,old_condition_filler,B,B1,1,3,,
HI045_high,HI045,3,3,indispensável,que não é dispensável,high_in,neg,indispensável,-,dispensável,dispensar,verb,1424,45.38259214,3.153509989,4.656889298,9,high,correct,first_round_retest,old_condition_filler,B,B1,1,3,,
HI049_high,HI049,3,3,incompreensível,que não é compreensível,high_in,neg,incompreensível,-,compreensível,compreender,verb,1959,62.43293399,3.292034436,4.795413745,11,high,correct,first_round_retest,old_condition_filler,B,B1,1,3,,
LD006_low,LD006,3,3,desabotoável,que pode ser desabotoado,low_des,rev,desabotoável,desabotoar,-,abotoar,ver,15,0.478,1.1761,2.6795,7,low,correct,first_round_retest,old_condition_filler,B,B1,1,3,,
LD008_high,LD008,4,3,destampável,que não é tampável,low_des,rev,destampável,destampar,tampável,tampar,ver,34,1.083573127,1.531478917,3.034858226,6,high,incorrect,first_round_retest,old_condition_filler,B,B1,1,3,,
LD010_high,LD010,4,3,desenferrujável,que não é enferrujável,low_des,rev,desenferrujável,desenferrujar,-,enferrujar,ver,45,1.434140903,1.653212514,3.156591823,10,high,incorrect,first_round_retest,old_condition_filler,B,B1,1,3,,
LD023_high,LD023,4,3,descomprimível,que não é comprimível,low_des,rev,descomprimível,descomprimir,comprimível,comprimir,ver,118,3.760636147,2.071882007,3.575261316,9,high,incorrect,first_round_retest,old_condition_filler,B,B1,1,3,,
LD026_low,LD026,3,3,desobstruível,que pode ser desobstruido,low_des,rev,desobstruível,desobstruir,obstruível,obstruir,ver,204,6.501438762,2.309630167,3.813009476,8,low,correct,first_round_retest,old_condition_filler,B,B1,1,3,,
LD051_low,LD051,3,3,descarregável,que pode ser descarregado,low_des,rev,descarregável,descarregar,-,carregar,ver,1685,53.70060938,3.226599905,4.729979214,8,low,correct,first_round_retest,old_condition_filler,B,B1,1,3,,
LD054_high,LD054,4,3,desmontável,que não é montável,low_des,rev,desmontável,desmontar,-,montar,ver,3319,105.7758591,3.521007252,5.024386561,6,high,incorrect,first_round_retest,old_condition_filler,B,B1,1,3,,
HD004_high,HD004,3,3,desenxaguável,que não é enxaguável,high_des,neg,desenxaguável,,enxaguável,enxaguar,ver,16,0.509916766,1.204119983,2.707499291,8,high,correct,first_round_retest,old_condition_filler,B,B1,1,3,,
HD008_low,HD008,4,3,despasteurizável,que pode ser despasteurizado,high_des,neg,despasteurizável,,pasteurizável,pasteurizar,ver,39,1.242922116,1.591064607,3.094443916,11,low,incorrect,first_round_retest,old_condition_filler,B,B1,1,3,,
HD018_high,HD018,3,3,desregável,que não é regável,high_des,neg,desregável,,regável,regar,ver,157,5.003558263,2.195899652,3.699278961,5,high,correct,first_round_retest,old_condition_filler,B,B1,1,3,,
HD029_high,HD029,3,3,desacomodável,que não é acomodável,high_des,neg,desacomodável,-,acomodável,acomodar,ver,389,12.39735136,2.589949601,4.09332891,8,high,correct,first_round_retest,old_condition_filler,B,B1,1,3,,
HD031_low,HD031,4,3,desconvinhável,que pode ser desconvindo,high_des,neg,desconvinhável,-,convinhável,convir,ver,554,17.65586801,2.743509765,4.246889074,6,low,incorrect,first_round_retest,old_condition_filler,B,B1,1,3,,
HD040_high,HD040,3,3,descompensável,que não é compensável,high_des,neg,descompensável,-,compensável,compensar,ver,1075,34.26003269,3.031408464,4.534787773,9,high,correct,first_round_retest,old_condition_filler,B,B1,1,3,,
HD041_high,HD041,3,3,despesquisável,que não é pesquisável,high_des,neg,despesquisável,-,pesquisável,pesquisar,ver,1197,38.14814803,3.07809415,4.581473459,9,high,correct,first_round_retest,old_condition_filler,B,B1,1,3,,
HD049_low,HD049,4,3,desprotegível,que pode ser desprotegido,high_des,neg,desprotegível,-,protegível,proteger,ver,1892,60.29765754,3.276921132,4.780300441,8,low,incorrect,first_round_retest,old_condition_filler,B,B1,1,3,,
HD057_low,HD057,4,3,despreocupável,que pode ser despreocupado,high_des,neg,despreocupável,-,preocupável,preocupar,ver,3503,111.6399019,3.544440137,5.047819446,9,low,incorrect,first_round_retest,old_condition_filler,B,B1,1,3,,
