item_id,lexical_item_id,counterbalance_group,version,word,sentence,condition,interpretation,stimulus,low_base,high_base,lemma,lemma_category,freq_ortho,freq_ortho/M,log10_freq_ortho,zipf_scale,length,reading,analysis_status
HI001_low,HI001,2,1,insaciável,que pode ser insaciado,high_in,neg,insaciável,-,saciável,saciar,verb,47,1.497880499,1.672097858,3.175477167,6,low,incorrect
HI001_high,HI001,2,2,insaciável,que não é saciável,high_in,neg,insaciável,-,saciável,saciar,verb,47,1.497880499,1.672097858,3.175477167,6,high,correct
HI002_low,HI002,3,2,indomável,que pode ser indomado,high_in,neg,indomável,-,domável,domar,verb,71,2.262755648,1.851258349,3.354637658,5,low,incorrect
HI002_high,HI002,3,3,indomável,que não é domável,high_in,neg,indomável,-,domável,domar,verb,71,2.262755648,1.851258349,3.354637658,5,high,correct
HI003_low,HI003,1,4,indissociável,que pode ser indissociado,high_in,neg,indissociável,-,dissociável,dissociar,verb,105,3.346328775,2.021189299,3.524568608,9,low,incorrect
HI003_high,HI003,1,1,indissociável,que não é dissociável,high_in,neg,indissociável,-,dissociável,dissociar,verb,105,3.346328775,2.021189299,3.524568608,9,high,correct
HI004_low,HI004,4,3,indigerível,que pode ser indigerido,high_in,neg,indigerível,-,digerível,digerir,verb,105,3.346328775,2.021189299,3.524568608,7,low,incorrect
HI004_high,HI004,4,4,indigerível,que não é digerível,high_in,neg,indigerível,-,digerível,digerir,verb,105,3.346328775,2.021189299,3.524568608,7,high,correct
HI005_low,HI005,1,4,inaferível,que pode ser inaferido,high_in,neg,inaferível,-,aferível,aferir,verb,108,3.441938168,2.033423755,3.536803064,6,low,incorrect
HI005_high,HI005,1,1,inaferível,que não é aferível,high_in,neg,inaferível,-,aferível,aferir,verb,108,3.441938168,2.033423755,3.536803064,6,high,correct
HI006_low,HI006,4,3,impenhorável,que pode ser impenhorado,high_in,neg,impenhorável,-,penhorável,penhorar,verb,109,3.473807966,2.037426498,3.540805807,8,low,incorrect
HI006_high,HI006,4,4,impenhorável,que não é penhorável,high_in,neg,impenhorável,-,penhorável,penhorar,verb,109,3.473807966,2.037426498,3.540805807,8,high,correct
HI007_low,HI007,2,1,inalienável,que pode ser inalienado,high_in,neg,inalienável,-,alienável,alienar,verb,112,3.56941736,2.049218023,3.552597331,7,low,incorrect
HI007_high,HI007,2,2,inalienável,que não é alienável,high_in,neg,inalienável,-,alienável,alienar,verb,112,3.56941736,2.049218023,3.552597331,7,high,correct
HI008_low,HI008,3,2,inconsolável,que pode ser inconsolado,high_in,neg,inconsolável,-,consolável,consolar,verb,143,4.557381093,2.155336037,3.658715346,8,low,incorrect
HI008_high,HI008,3,3,inconsolável,que não é consolável,high_in,neg,inconsolável,-,consolável,consolar,verb,143,4.557381093,2.155336037,3.658715346,8,high,correct
HI009_low,HI009,1,4,ilegalizável,que pode ser ilegalizado,high_in,neg,ilegalizável,-,legalizável,legalizar,verb,146,4.652990487,2.164352856,3.667732165,9,low,incorrect
HI009_high,HI009,1,1,ilegalizável,que não é legalizável,high_in,neg,ilegalizável,-,legalizável,legalizar,verb,146,4.652990487,2.164352856,3.667732165,9,high,correct
HI010_low,HI010,3,2,indelimitável,que pode ser indelimitado,high_in,neg,indelimitável,-,delimitável,delimitar,verb,162,5.162907252,2.209515015,3.712894323,9,low,incorrect
HI010_high,HI010,3,3,indelimitável,que não é delimitável,high_in,neg,indelimitável,-,delimitável,delimitar,verb,162,5.162907252,2.209515015,3.712894323,9,high,correct
HI011_low,HI011,4,3,inacessível,que pode ser inacessado,high_in,neg,inacessível,-,acessível,acessar,verb,164,5.226646848,2.214843848,3.718223157,7,low,incorrect
HI011_high,HI011,4,4,inacessível,que não é acessível,high_in,neg,inacessível,-,acessível,acessar,verb,164,5.226646848,2.214843848,3.718223157,7,high,correct
HI012_low,HI012,2,1,intolerável,que pode ser intolerado,high_in,neg,intolerável,-,tolerável,tolerar,verb,223,7.106964921,2.348304863,3.851684172,7,low,incorrect
HI012_high,HI012,2,2,intolerável,que não é tolerável,high_in,neg,intolerável,-,tolerável,tolerar,verb,223,7.106964921,2.348304863,3.851684172,7,high,correct
HI013_low,HI013,3,2,imparcelável,que pode ser imparcelado,high_in,neg,imparcelável,-,parcelável,parcelar,verb,243,7.744360878,2.385606274,3.888985582,8,low,incorrect
HI013_high,HI013,3,3,imparcelável,que não é parcelável,high_in,neg,imparcelável,-,parcelável,parcelar,verb,243,7.744360878,2.385606274,3.888985582,8,high,correct
HI014_low,HI014,4,3,inconsertável,que pode ser inconsertado,high_in,neg,inconsertável,-,consertável,consertar,verb,263,8.381756835,2.419955748,3.923335057,9,low,incorrect
HI014_high,HI014,4,4,inconsertável,que não é consertável,high_in,neg,inconsertável,-,consertável,consertar,verb,263,8.381756835,2.419955748,3.923335057,9,high,correct
HI015_low,HI015,2,1,incomputável,que pode ser incomputado,high_in,neg,incomputável,-,computável,computar,verb,279,8.891673601,2.445604203,3.948983512,8,low,incorrect
HI015_high,HI015,2,2,incomputável,que não é computável,high_in,neg,incomputável,-,computável,computar,verb,279,8.891673601,2.445604203,3.948983512,8,high,correct
HI016_low,HI016,1,4,incontabilizável,que pode ser incontabilizado,high_in,neg,incontabilizável,-,contabilizável,contabilizar,verb,329,10.48516349,2.517195898,4.020575207,12,low,incorrect
HI016_high,HI016,1,1,incontabilizável,que não é contabilizável,high_in,neg,incontabilizável,-,contabilizável,contabilizar,verb,329,10.48516349,2.517195898,4.020575207,12,high,correct
HI017_low,HI017,1,4,inviolável,que pode ser inviolado,high_in,neg,inviolável,-,violável,violar,verb,359,11.44125743,2.555094449,4.058473757,6,low,incorrect
HI017_high,HI017,1,1,inviolável,que não é violável,high_in,neg,inviolável,-,violável,violar,verb,359,11.44125743,2.555094449,4.058473757,6,high,correct
HI018_low,HI018,4,3,incurável,que pode ser incurado,high_in,neg,incurável,-,curável,curar,verb,369,11.75995541,2.567026366,4.070405675,5,low,incorrect
HI018_high,HI018,4,4,incurável,que não é curável,high_in,neg,incurável,-,curável,curar,verb,369,11.75995541,2.567026366,4.070405675,5,high,correct
HI019_low,HI019,3,2,improrrogável,que pode ser improrrogado,high_in,neg,improrrogável,-,prorrogável,prorrogar,verb,379,12.07865339,2.57863921,4.082018519,9,low,incorrect
HI019_high,HI019,3,3,improrrogável,que não é prorrogável,high_in,neg,improrrogável,-,prorrogável,prorrogar,verb,379,12.07865339,2.57863921,4.082018519,9,high,correct
HI020_low,HI020,2,1,incapturável,que pode ser incapturado,high_in,neg,incapturável,-,capturável,capturar,verb,390,12.42922116,2.591064607,4.094443916,8,low,incorrect
HI020_high,HI020,2,2,incapturável,que não é capturável,high_in,neg,incapturável,-,capturável,capturar,verb,390,12.42922116,2.591064607,4.094443916,8,high,correct
HI021_low,HI021,1,4,incopiável,que pode ser incopiado,high_in,neg,incopiável,-,copiável,copiar,verb,397,12.65230975,2.598790507,4.102169816,6,low,incorrect
HI021_high,HI021,1,1,incopiável,que não é copiável,high_in,neg,incopiável,-,copiável,copiar,verb,397,12.65230975,2.598790507,4.102169816,6,high,correct
HI022_low,HI022,4,3,indatável,que pode ser indatado,high_in,neg,indatável,-,datável,datar,verb,410,13.06661712,2.612783857,4.116163166,5,low,incorrect
HI022_high,HI022,4,4,indatável,que não é datável,high_in,neg,indatável,-,datável,datar,verb,410,13.06661712,2.612783857,4.116163166,5,high,correct
HI023_low,HI023,3,2,inexprimível,que pode ser inexpresso,high_in,neg,inexprimível,-,exprimível,exprimir,verb,417,13.2897057,2.620136055,4.123515364,8,low,incorrect
HI023_high,HI023,3,3,inexprimível,que não é exprimível,high_in,neg,inexprimível,-,exprimível,exprimir,verb,417,13.2897057,2.620136055,4.123515364,8,high,correct
HI024_low,HI024,2,1,inabitável,que pode ser inabitado,high_in,neg,inabitável,-,habitável,habitar,verb,451,14.37327883,2.654176542,4.157555851,7,low,incorrect
HI024_high,HI024,2,2,inabitável,que não é habitável,high_in,neg,inabitável,-,habitável,habitar,verb,451,14.37327883,2.654176542,4.157555851,7,high,correct
HI025_low,HI025,1,4,infalível,que pode ser infalhado,high_in,neg,infalível,-,falível,falhar,verb,488,15.55246135,2.688419822,4.191799131,6,low,incorrect
HI025_high,HI025,1,1,infalível,que não é falível,high_in,neg,infalível,-,falível,falhar,verb,488,15.55246135,2.688419822,4.191799131,6,high,correct
HI026_low,HI026,2,1,insolucionável,que pode ser insolucionado,high_in,neg,insolucionável,-,solucionável,solucionar,verb,498,15.87115933,2.697229343,4.200608652,10,low,incorrect
HI026_high,HI026,2,2,insolucionável,que não é solucionável,high_in,neg,insolucionável,-,solucionável,solucionar,verb,498,15.87115933,2.697229343,4.200608652,10,high,correct
HI027_low,HI027,3,2,imperdoável,que pode ser imperdoado,high_in,neg,imperdoável,-,perdoável,perdoar,verb,516,16.44481569,2.712649702,4.21602901,7,low,incorrect
HI027_high,HI027,3,3,imperdoável,que não é perdoável,high_in,neg,imperdoável,-,perdoável,perdoar,verb,516,16.44481569,2.712649702,4.21602901,7,high,correct
HI028_low,HI028,4,3,inimitável,que pode ser inimitado,high_in,neg,inimitável,-,imitável,imitar,verb,527,16.79538347,2.721810615,4.225189924,6,low,incorrect
HI028_high,HI028,4,4,inimitável,que não é imitável,high_in,neg,inimitável,-,imitável,imitar,verb,527,16.79538347,2.721810615,4.225189924,6,high,correct
HI029_low,HI029,2,1,indelegável,que pode ser indelegado,high_in,neg,indelegável,-,delegável,delegar,verb,528,16.82725327,2.722633923,4.226013231,7,low,incorrect
HI029_high,HI029,2,2,indelegável,que não é delegável,high_in,neg,indelegável,-,delegável,delegar,verb,528,16.82725327,2.722633923,4.226013231,7,high,correct
HI030_low,HI030,3,2,improferível,que pode ser improferido,high_in,neg,improferível,-,proferível,proferir,verb,600,19.12187871,2.77815125,4.281530559,8,low,incorrect
HI030_high,HI030,3,3,improferível,que não é proferível,high_in,neg,improferível,-,proferível,proferir,verb,600,19.12187871,2.77815125,4.281530559,8,high,correct
HI031_low,HI031,1,4,inabalável,que pode ser inabalado,high_in,neg,inabalável,-,abalável,abalar,verb,649,20.68349881,2.812244697,4.315624006,6,low,incorrect
HI031_high,HI031,1,1,inabalável,que não é abalável,high_in,neg,inabalável,-,abalável,abalar,verb,649,20.68349881,2.812244697,4.315624006,6,high,correct
HI032_low,HI032,4,3,inajustável,que pode ser inajustado,high_in,neg,inajustável,-,ajustável,ajustar,verb,675,21.51211355,2.829303773,4.332683082,7,low,incorrect
HI032_high,HI032,4,4,inajustável,que não é ajustável,high_in,neg,inajustável,-,ajustável,ajustar,verb,675,21.51211355,2.829303773,4.332683082,7,high,correct
HI033_low,HI033,4,3,insuportável,que pode ser insuportado,high_in,neg,insuportável,-,suportável,suportar,verb,703,22.40446789,2.846955325,4.350334634,8,low,incorrect
HI033_high,HI033,4,4,insuportável,que não é suportável,high_in,neg,insuportável,-,suportável,suportar,verb,703,22.40446789,2.846955325,4.350334634,8,high,correct
HI034_low,HI034,3,2,inesgotável,que pode ser inesgotado,high_in,neg,inesgotável,-,esgotável,esgotar,verb,773,24.63535374,2.888179494,4.391558803,7,low,incorrect
HI034_high,HI034,3,3,inesgotável,que não é esgotável,high_in,neg,inesgotável,-,esgotável,esgotar,verb,773,24.63535374,2.888179494,4.391558803,7,high,correct
HI035_low,HI035,2,1,inconcebível,que pode ser inconcebido,high_in,neg,inconcebível,-,concebível,conceber,verb,823,26.22884363,2.915399835,4.418779144,8,low,incorrect
HI035_high,HI035,2,2,inconcebível,que não é concebível,high_in,neg,inconcebível,-,concebível,conceber,verb,823,26.22884363,2.915399835,4.418779144,8,high,correct
HI036_low,HI036,1,4,inarticulável,que pode ser inarticulado,high_in,neg,inarticulável,-,articulável,articular,verb,880,28.04542211,2.944482672,4.447861981,9,low,incorrect
HI036_high,HI036,1,1,inarticulável,que não é articulável,high_in,neg,inarticulável,-,articulável,articular,verb,880,28.04542211,2.944482672,4.447861981,9,high,correct
HI037_low,HI037,3,2,inapreciável,que pode ser inapreciado,high_in,neg,inapreciável,-,apreciável,apreciar,verb,907,28.90590665,2.957607287,4.460986596,8,low,incorrect
HI037_high,HI037,3,3,inapreciável,que não é apreciável,high_in,neg,inapreciável,-,apreciável,apreciar,verb,907,28.90590665,2.957607287,4.460986596,8,high,correct
HI038_low,HI038,1,4,incontestável,que pode ser incontestado,high_in,neg,incontestável,-,contestável,contestar,verb,1106,35.24799643,3.043755127,4.547134436,9,low,incorrect
HI038_high,HI038,1,1,incontestável,que não é contestável,high_in,neg,incontestável,-,contestável,contestar,verb,1106,35.24799643,3.043755127,4.547134436,9,high,correct
HI039_low,HI039,2,1,indetectável,que pode ser indetectado,high_in,neg,indetectável,-,detectável,detectar,verb,1123,35.78978299,3.050379756,4.553759065,8,low,incorrect
HI039_high,HI039,2,2,indetectável,que não é detectável,high_in,neg,indetectável,-,detectável,detectar,verb,1123,35.78978299,3.050379756,4.553759065,8,high,correct
HI040_low,HI040,4,3,insegurável,que pode ser insegurado,high_in,neg,insegurável,-,segurável,segurar,verb,1173,37.38327288,3.069298012,4.572677321,7,low,incorrect
HI040_high,HI040,4,4,insegurável,que não é segurável,high_in,neg,insegurável,-,segurável,segurar,verb,1173,37.38327288,3.069298012,4.572677321,7,high,correct
HI041_low,HI041,4,3,incomercializável,que pode ser incomercializado,high_in,neg,incomercializável,-,comercializável,comercializar,verb,1195,38.08440843,3.077367905,4.580747214,13,low,incorrect
HI041_high,HI041,4,4,incomercializável,que não é comercializável,high_in,neg,incomercializável,-,comercializável,comercializar,verb,1195,38.08440843,3.077367905,4.580747214,13,high,correct
HI042_low,HI042,1,4,intraduzível,que pode ser intraduzido,high_in,neg,intraduzível,-,traduzível,traduzir,verb,1304,41.5582164,3.115277591,4.6186569,8,low,incorrect
HI042_high,HI042,1,1,intraduzível,que não é traduzível,high_in,neg,intraduzível,-,traduzível,traduzir,verb,1304,41.5582164,3.115277591,4.6186569,8,high,correct
HI043_low,HI043,2,1,inquestionável,que pode ser inquestionado,high_in,neg,inquestionável,-,questionável,questionar,verb,1306,41.621956,3.115943177,4.619322486,10,low,incorrect
HI043_high,HI043,2,2,inquestionável,que não é questionável,high_in,neg,inquestionável,-,questionável,questionar,verb,1306,41.621956,3.115943177,4.619322486,10,high,correct
HI044_low,HI044,3,2,improcessável,que pode ser improcessado,high_in,neg,improcessável,-,processável,processar,verb,1411,44.96828477,3.149527014,4.652906323,9,low,incorrect
HI044_high,HI044,3,3,improcessável,que não é processável,high_in,neg,improcessável,-,processável,processar,verb,1411,44.96828477,3.149527014,4.652906323,9,high,correct
HI045_low,HI045,3,2,indispensável,que pode ser indispensado,high_in,neg,indispensável,-,dispensável,dispensar,verb,1424,45.38259214,3.153509989,4.656889298,9,low,incorrect
HI045_high,HI045,3,3,indispensável,que não é dispensável,high_in,neg,indispensável,-,dispensável,dispensar,verb,1424,45.38259214,3.153509989,4.656889298,9,high,correct
HI046_low,HI046,4,3,inexplorável,que pode ser inexplorado,high_in,neg,inexplorável,-,explorável,explorar,verb,1548,49.33444708,3.189770956,4.693150265,8,low,incorrect
HI046_high,HI046,4,4,inexplorável,que não é explorável,high_in,neg,inexplorável,-,explorável,explorar,verb,1548,49.33444708,3.189770956,4.693150265,8,high,correct
HI047_low,HI047,1,4,inadiável,que pode ser inadiado,high_in,neg,inadiável,-,adiável,adiar,verb,1569,50.00371283,3.195622944,4.699002252,5,low,incorrect
HI047_high,HI047,1,1,inadiável,que não é adiável,high_in,neg,inadiável,-,adiável,adiar,verb,1569,50.00371283,3.195622944,4.699002252,5,high,correct
HI048_low,HI048,2,1,inescapável,que pode ser inescapado,high_in,neg,inescapável,-,escapável,escapar,verb,1703,54.27426574,3.231214648,4.734593957,7,low,incorrect
HI048_high,HI048,2,2,inescapável,que não é escapável,high_in,neg,inescapável,-,escapável,escapar,verb,1703,54.27426574,3.231214648,4.734593957,7,high,correct
HI049_low,HI049,3,2,incompreensível,que pode ser incompreendido,high_in,neg,incompreensível,-,compreensível,compreender,verb,1959,62.43293399,3.292034436,4.795413745,11,low,incorrect
HI049_high,HI049,3,3,incompreensível,que não é compreensível,high_in,neg,incompreensível,-,compreensível,compreender,verb,1959,62.43293399,3.292034436,4.795413745,11,high,correct
HI050_low,HI050,1,4,inseparável,que pode ser inseparado,high_in,neg,inseparável,-,separável,separar,verb,2011,64.09016348,3.303412071,4.806791379,7,low,incorrect
HI050_high,HI050,1,1,inseparável,que não é separável,high_in,neg,inseparável,-,separável,separar,verb,2011,64.09016348,3.303412071,4.806791379,7,high,correct
HI051_low,HI051,4,3,inverificável,que pode ser inverificado,high_in,neg,inverificável,-,verificável,verificar,verb,2224,70.87843043,3.347134783,4.850514092,9,low,incorrect
HI051_high,HI051,4,4,inverificável,que não é verificável,high_in,neg,inverificável,-,verificável,verificar,verb,2224,70.87843043,3.347134783,4.850514092,9,high,correct
HI052_low,HI052,2,1,indesejável,que pode ser indesejado,high_in,neg,indesejável,-,desejável,desejar,verb,2322,74.00167061,3.365862215,4.869241524,7,low,incorrect
HI052_high,HI052,2,2,indesejável,que não é desejável,high_in,neg,indesejável,-,desejável,desejar,verb,2322,74.00167061,3.365862215,4.869241524,7,high,correct
HI053_low,HI053,2,1,inconvertível,que pode ser inconvertido,high_in,neg,inconvertível,-,convertível,converter,verb,2381,75.88198869,3.376759395,4.880138704,9,low,incorrect
HI053_high,HI053,2,2,inconvertível,que não é convertível,high_in,neg,inconvertível,-,convertível,converter,verb,2381,75.88198869,3.376759395,4.880138704,9,high,correct
HI054_low,HI054,3,2,inestimável,que pode ser inestimado,high_in,neg,inestimável,-,estimável,estimar,verb,2395,76.32816586,3.379305518,4.882684827,7,low,incorrect
HI054_high,HI054,3,3,inestimável,que não é estimável,high_in,neg,inestimável,-,estimável,estimar,verb,2395,76.32816586,3.379305518,4.882684827,7,high,correct
HI055_low,HI055,4,3,inadquirível,que pode ser inadquirido,high_in,neg,inadquirível,-,adquirível,adquirir,verb,2472,78.78214029,3.393048466,4.896427775,8,low,incorrect
HI055_high,HI055,4,4,inadquirível,que não é adquirível,high_in,neg,inadquirível,-,adquirível,adquirir,verb,2472,78.78214029,3.393048466,4.896427775,8,high,correct
HI056_low,HI056,1,4,injustificável,que pode ser injustificado,high_in,neg,injustificável,-,justificável,justificar,verb,2543,81.04489594,3.40534636,4.908725669,10,low,incorrect
HI056_high,HI056,1,1,injustificável,que não é justificável,high_in,neg,injustificável,-,justificável,justificar,verb,2543,81.04489594,3.40534636,4.908725669,10,high,correct
HI057_low,HI057,1,4,inalterável,que pode ser inalterado,high_in,neg,inalterável,-,alterável,alterar,verb,2627,83.72195896,3.419460073,4.922839382,7,low,incorrect
HI057_high,HI057,1,1,inalterável,que não é alterável,high_in,neg,inalterável,-,alterável,alterar,verb,2627,83.72195896,3.419460073,4.922839382,7,high,correct
HI058_low,HI058,4,3,inesquecível,que pode ser inesquecido,high_in,neg,inesquecível,-,esquecível,esquecer,verb,2848,90.76518429,3.454539985,4.957919294,8,low,incorrect
HI058_high,HI058,4,4,inesquecível,que não é esquecível,high_in,neg,inesquecível,-,esquecível,esquecer,verb,2848,90.76518429,3.454539985,4.957919294,8,high,correct
HI059_low,HI059,2,1,indivisível,que pode ser individido,high_in,neg,indivisível,-,divisível,dividir,verb,4052,129.1364209,3.607669437,5.111048745,7,low,incorrect
HI059_high,HI059,2,2,indivisível,que não é divisível,high_in,neg,indivisível,-,divisível,dividir,verb,4052,129.1364209,3.607669437,5.111048745,7,high,correct
HI060_low,HI060,3,2,ilegível,que pode ser ilido,high_in,neg,ilegível,-,legível,ler,verb,5906,188.2230261,3.771293443,5.274672751,3,low,incorrect
HI060_high,HI060,3,3,ilegível,que não é legível,high_in,neg,ilegível,-,legível,ler,verb,5906,188.2230261,3.771293443,5.274672751,3,high,correct
LR001_low,LR001,2,2,recurvável,que pode ser recurvado,low_re,res,recurvável,recurvar,curvável,recurvar,verb,3,0.095609394,0.477121255,1.980500564,8,low,correct
LR001_high,LR001,2,1,recurvável,que é curvável novamente,low_re,res,recurvável,recurvar,curvável,recurvar,verb,3,0.095609394,0.477121255,1.980500564,8,high,incorrect
LR002_low,LR002,4,4,requalificável,que pode ser requalificado,low_re,res,requalificável,requalificar,qualificável,requalificar,verb,3,0.095609394,0.477121255,1.980500564,12,low,correct
LR002_high,LR002,4,3,requalificável,que é qualificável novamente,low_re,res,requalificável,requalificar,qualificável,requalificar,verb,3,0.095609394,0.477121255,1.980500564,12,high,incorrect
LR003_low,LR003,3,3,remineralizável,que pode ser remineralizado,low_re,res,remineralizável,remineralizar,mineralizável,mineralizar,verb,4,0.12747919,0.60205999,2.1054393,11,low,correct
LR003_high,LR003,3,2,remineralizável,que é mineralizável novamente,low_re,res,remineralizável,remineralizar,mineralizável,mineralizar,verb,4,0.12747919,0.60205999,2.1054393,11,high,incorrect
LR004_low,LR004,1,1,repintável,que pode ser repintado,low_re,res,repintável,repintar,pintável,repintar,verb,4,0.127479191,0.602059991,2.1054393,8,low,correct
LR004_high,LR004,1,4,repintável,que é pintável novamente,low_re,res,repintável,repintar,pintável,repintar,verb,4,0.127479191,0.602059991,2.1054393,8,high,incorrect
LR005_low,LR005,3,3,rebobinável,que pode ser rebobinado,low_re,res,rebobinável,rebobinar,bobinável,bobinar,verb,5,0.15934899,0.69897,2.20234931,7,low,correct
LR005_high,LR005,3,2,rebobinável,que é bobinável novamente,low_re,res,rebobinável,rebobinar,bobinável,bobinar,verb,5,0.15934899,0.69897,2.20234931,7,high,incorrect
LR006_low,LR006,1,1,remagnetizável,que pode ser remagnetizado,low_re,res,remagnetizável,remagnetizar,magnetizável,magnetizar,verb,13,0.41430737,1.11394335,2.61732266,10,low,correct
LR006_high,LR006,1,4,remagnetizável,que é magnetizável novamente,low_re,res,remagnetizável,remagnetizar,magnetizável,magnetizar,verb,13,0.41430737,1.11394335,2.61732266,10,high,incorrect
LR007_low,LR007,4,4,reincorporável,que pode ser reincorporado,low_re,res,reincorporável,reincorporar,incorporável,reincorporar,verb,16,0.509916766,1.204119983,2.707499291,12,low,correct
LR007_high,LR007,4,3,reincorporável,que é incorporável novamente,low_re,res,reincorporável,reincorporar,incorporável,reincorporar,verb,16,0.509916766,1.204119983,2.707499291,12,high,incorrect
LR008_low,LR008,2,2,reionizável,que pode ser reionizado,low_re,res,reionizável,reionizar,ionizável,ionizar,verb,19,0.60552616,1.2787536,2.78213291,7,low,correct
LR008_high,LR008,2,1,reionizável,que é ionizável novamente,low_re,res,reionizável,reionizar,ionizável,ionizar,verb,19,0.60552616,1.2787536,2.78213291,7,high,incorrect
LR009_low,LR009,2,2,reempacotável,que pode ser reempacotado,low_re,res,reempacotável,reempacotar,empacotável,empacotar,verb,25,0.79674495,1.39794001,2.90131932,9,low,correct
LR009_high,LR009,2,1,reempacotável,que é empacotável novamente,low_re,res,reempacotável,reempacotar,empacotável,empacotar,verb,25,0.79674495,1.39794001,2.90131932,9,high,incorrect
LR010_low,LR010,4,4,relubrificável,que pode ser relubrificado,low_re,res,relubrificável,relubrificar,lubrificável,lubrificar,verb,26,0.82861474,1.41497335,2.91835266,10,low,correct
LR010_high,LR010,4,3,relubrificável,que é lubrificável novamente,low_re,res,relubrificável,relubrificar,lubrificável,lubrificar,verb,26,0.82861474,1.41497335,2.91835266,10,high,incorrect
LR011_low,LR011,3,3,ressocializável,que pode ser ressocializado,low_re,res,ressocializável,ressocializar,socializável,socializar,verb,28,0.89235434,1.44715803,2.95053734,10,low,correct
LR011_high,LR011,3,2,ressocializável,que é socializável novamente,low_re,res,ressocializável,ressocializar,socializável,socializar,verb,28,0.89235434,1.44715803,2.95053734,10,high,incorrect
LR012_low,LR012,1,1,reunificável,que pode ser reunificado,low_re,res,reunificável,reunificar,unificável,reunificar,verb,33,1.051703329,1.51851394,3.021893249,10,low,correct
LR012_high,LR012,1,4,reunificável,que é unificável novamente,low_re,res,reunificável,reunificar,unificável,reunificar,verb,33,1.051703329,1.51851394,3.021893249,10,high,incorrect
LR013_low,LR013,2,2,reoxigenável,que pode ser reoxigenado,low_re,res,reoxigenável,reoxigenar,oxigenável,oxigenar,verb,41,1.30666171,1.61278386,3.11616317,8,low,correct
LR013_high,LR013,2,1,reoxigenável,que é oxigenável novamente,low_re,res,reoxigenável,reoxigenar,oxigenável,oxigenar,verb,41,1.30666171,1.61278386,3.11616317,8,high,incorrect
LR014_low,LR014,1,1,renacionalizável,que pode ser renacionalizado,low_re,res,renacionalizável,renacionalizar,nacionalizável,nacionalizar,verb,43,1.37040131,1.63346846,3.13684776,12,low,correct
LR014_high,LR014,1,4,renacionalizável,que é nacionalizável novamente,low_re,res,renacionalizável,renacionalizar,nacionalizável,nacionalizar,verb,43,1.37040131,1.63346846,3.13684776,12,high,incorrect
LR015_low,LR015,3,3,reesterilizável,que pode ser reesterilizado,low_re,res,reesterilizável,reesterilizar,esterilizável,esterilizar,verb,44,1.40227111,1.64345268,3.14683199,11,low,correct
LR015_high,LR015,3,2,reesterilizável,que é esterilizável novamente,low_re,res,reesterilizável,reesterilizar,esterilizável,esterilizar,verb,44,1.40227111,1.64345268,3.14683199,11,high,incorrect
LR016_low,LR016,4,4,reidratável,que pode ser reidratado,low_re,res,reidratável,reidratar,hidratável,hidratar,verb,50,1.59348989,1.69897,3.20234931,8,low,correct
LR016_high,LR016,4,3,reidratável,que é hidratável novamente,low_re,res,reidratável,reidratar,hidratável,hidratar,verb,50,1.59348989,1.69897,3.20234931,8,high,incorrect
LR017_low,LR017,4,4,ressoldável,que pode ser ressoldado,low_re,res,ressoldável,ressoldar,soldável,soldar,verb,55,1.75283888,1.74036269,3.243742,6,low,correct
LR017_high,LR017,4,3,ressoldável,que é soldável novamente,low_re,res,ressoldável,ressoldar,soldável,soldar,verb,55,1.75283888,1.74036269,3.243742,6,high,incorrect
LR018_low,LR018,2,2,reaparelhável,que pode ser reaparelhado,low_re,res,reaparelhável,reaparelhar,aparelhável,aparelhar,verb,63,2.00779726,1.79934055,3.30271986,9,low,correct
LR018_high,LR018,2,1,reaparelhável,que é aparelhável novamente,low_re,res,reaparelhável,reaparelhar,aparelhável,aparelhar,verb,63,2.00779726,1.79934055,3.30271986,9,high,incorrect
LR019_low,LR019,1,1,revalidável,que pode ser revalidado,low_re,res,revalidável,revalidar,validável,validar,verb,72,2.29462545,1.8573325,3.36071181,7,low,correct
LR019_high,LR019,1,4,revalidável,que é validável novamente,low_re,res,revalidável,revalidar,validável,validar,verb,72,2.29462545,1.8573325,3.36071181,7,high,incorrect
LR020_low,LR020,3,3,repavimentável,que pode ser repavimentado,low_re,res,repavimentável,repavimentar,pavimentável,pavimentar,verb,74,2.35836504,1.86923172,3.37261103,10,low,correct
LR020_high,LR020,3,2,repavimentável,que é pavimentável novamente,low_re,res,repavimentável,repavimentar,pavimentável,pavimentar,verb,74,2.35836504,1.86923172,3.37261103,10,high,incorrect
LR021_low,LR021,4,4,ressincronizável,que pode ser ressincronizado,low_re,res,ressincronizável,ressincronizar,sincronizável,sincronizar,verb,74,2.35836504,1.86923172,3.37261103,11,low,correct
LR021_high,LR021,4,3,ressincronizável,que é sincronizável novamente,low_re,res,ressincronizável,ressincronizar,sincronizável,sincronizar,verb,74,2.35836504,1.86923172,3.37261103,11,high,incorrect
LR022_low,LR022,2,2,redemocratizável,que pode ser redemocratizado,low_re,res,redemocratizável,redemocratizar,democratizável,democratizar,verb,107,3.41006837,2.02938378,3.53276309,12,low,correct
LR022_high,LR022,2,1,redemocratizável,que é democratizável novamente,low_re,res,redemocratizável,redemocratizar,democratizável,democratizar,verb,107,3.41006837,2.02938378,3.53276309,12,high,incorrect
LR023_low,LR023,3,3,repolível,que pode ser repolido,low_re,res,repolível,repolir,polível,polir,verb,109,3.47380797,2.0374265,3.54080581,5,low,correct
LR023_high,LR023,3,2,repolível,que é polível novamente,low_re,res,repolível,repolir,polível,polir,verb,109,3.47380797,2.0374265,3.54080581,5,high,incorrect
LR024_low,LR024,1,1,recalibrável,que pode ser recalibrado,low_re,res,recalibrável,recalibrar,calibrável,calibrar,verb,120,3.82437574,2.07918125,3.58256055,8,low,correct
LR024_high,LR024,1,4,recalibrável,que é calibrável novamente,low_re,res,recalibrável,recalibrar,calibrável,calibrar,verb,120,3.82437574,2.07918125,3.58256055,8,high,incorrect
LR025_low,LR025,2,2,reengatável,que pode ser reengatado,low_re,res,reengatável,reengatar,engatável,engatar,verb,137,4.36616231,2.13672057,3.64009988,7,low,correct
LR025_high,LR025,2,1,reengatável,que é engatável novamente,low_re,res,reengatável,reengatar,engatável,engatar,verb,137,4.36616231,2.13672057,3.64009988,7,high,incorrect
LR026_low,LR026,4,4,reatável,que pode ser reatado,low_re,res,reatável,reatar,atável,atar,verb,146,4.65299049,2.16435286,3.66773216,4,low,correct
LR026_high,LR026,4,3,reatável,que é atável novamente,low_re,res,reatável,reatar,atável,atar,verb,146,4.65299049,2.16435286,3.66773216,4,high,incorrect
LR027_low,LR027,1,1,reancorável,que pode ser reancorado,low_re,res,reancorável,reancorar,ancorável,ancorar,verb,179,5.70469382,2.25285303,3.75623234,7,low,correct
LR027_high,LR027,1,4,reancorável,que é ancorável novamente,low_re,res,reancorável,reancorar,ancorável,ancorar,verb,179,5.70469382,2.25285303,3.75623234,7,high,incorrect
LR028_low,LR028,3,3,reconciliável,que pode ser reconciliado,low_re,res,reconciliável,reconciliar,conciliável,conciliar,verb,201,6.40582937,2.30319606,3.80657537,9,low,correct
LR028_high,LR028,3,2,reconciliável,que é conciliável novamente,low_re,res,reconciliável,reconciliar,conciliável,conciliar,verb,201,6.40582937,2.30319606,3.80657537,9,high,incorrect
LR029_low,LR029,2,2,reacoplável,que pode ser reacoplado,low_re,res,reacoplável,reacoplar,acoplável,acoplar,verb,208,6.62891795,2.31806333,3.82144264,7,low,correct
LR029_high,LR029,2,1,reacoplável,que é acoplável novamente,low_re,res,reacoplável,reacoplar,acoplável,acoplar,verb,208,6.62891795,2.31806333,3.82144264,7,high,incorrect
LR030_low,LR030,3,3,reagrupável,que pode ser reagrupado,low_re,res,reagrupável,reagrupar,agrupável,agrupar,verb,230,7.33005351,2.36172784,3.86510714,7,low,correct
LR030_high,LR030,3,2,reagrupável,que é agrupável novamente,low_re,res,reagrupável,reagrupar,agrupável,agrupar,verb,230,7.33005351,2.36172784,3.86510714,7,high,incorrect
LR031_low,LR031,1,1,reativável,que pode ser reativado,low_re,res,reativável,reativar,ativável,ativar,verb,244,7.77623068,2.38738983,3.89076914,6,low,correct
LR031_high,LR031,1,4,reativável,que é ativável novamente,low_re,res,reativável,reativar,ativável,ativar,verb,244,7.77623068,2.38738983,3.89076914,6,high,incorrect
LR032_low,LR032,4,4,reanexável,que pode ser reanexado,low_re,res,reanexável,reanexar,anexável,anexar,verb,261,8.31801724,2.41664051,3.92001982,6,low,correct
LR032_high,LR032,4,3,reanexável,que é anexável novamente,low_re,res,reanexável,reanexar,anexável,anexar,verb,261,8.31801724,2.41664051,3.92001982,6,high,incorrect
LR033_low,LR033,3,3,ressintetizável,que pode ser ressintetizado,low_re,res,ressintetizável,ressintetizar,sintetizável,sintetizar,verb,262,8.34988704,2.41830129,3.9216806,10,low,correct
LR033_high,LR033,3,2,ressintetizável,que é sintetizável novamente,low_re,res,ressintetizável,ressintetizar,sintetizável,sintetizar,verb,262,8.34988704,2.41830129,3.9216806,10,high,incorrect
LR034_low,LR034,4,4,reabilitável,que pode ser reabilitado,low_re,res,reabilitável,reabilitar,habilitável,habilitar,verb,268,8.54110582,2.42813479,3.9315141,9,low,correct
LR034_high,LR034,4,3,reabilitável,que é habilitável novamente,low_re,res,reabilitável,reabilitar,habilitável,habilitar,verb,268,8.54110582,2.42813479,3.9315141,9,high,incorrect
LR035_low,LR035,1,1,recentralizável,que pode ser recentralizado,low_re,res,recentralizável,recentralizar,centralizável,centralizar,verb,301,9.59280915,2.4785665,3.9819458,11,low,correct
LR035_high,LR035,1,4,recentralizável,que é centralizável novamente,low_re,res,recentralizável,recentralizar,centralizável,centralizar,verb,301,9.59280915,2.4785665,3.9819458,11,high,incorrect
LR036_low,LR036,2,2,reencaixável,que pode ser reencaixado,low_re,res,reencaixável,reencaixar,encaixável,encaixar,verb,311,9.91150713,2.49276039,3.9961397,8,low,correct
LR036_high,LR036,2,1,reencaixável,que é encaixável novamente,low_re,res,reencaixável,reencaixar,encaixável,encaixar,verb,311,9.91150713,2.49276039,3.9961397,8,high,incorrect
LR037_low,LR037,3,3,redecorável,que pode ser redecorado,low_re,res,redecorável,redecorar,decorável,decorar,verb,335,10.6763823,2.52504481,4.02842412,7,low,correct
LR037_high,LR037,3,2,redecorável,que é decorável novamente,low_re,res,redecorável,redecorar,decorável,decorar,verb,335,10.6763823,2.52504481,4.02842412,7,high,incorrect
LR038_low,LR038,1,1,reaquecível,que pode ser reaquecido,low_re,res,reaquecível,reaquecer,aquecível,aquecer,verb,484,15.4249822,2.68484536,4.18822467,7,low,correct
LR038_high,LR038,1,4,reaquecível,que é aquecível novamente,low_re,res,reaquecível,reaquecer,aquecível,aquecer,verb,484,15.4249822,2.68484536,4.18822467,7,high,incorrect
LR039_low,LR039,2,2,reprivatizável,que pode ser reprivatizado,low_re,res,reprivatizável,reprivatizar,privatizável,privatizar,verb,558,17.7833472,2.7466342,4.25001351,10,low,correct
LR039_high,LR039,2,1,reprivatizável,que é privatizável novamente,low_re,res,reprivatizável,reprivatizar,privatizável,privatizar,verb,558,17.7833472,2.7466342,4.25001351,10,high,incorrect
LR040_low,LR040,4,4,reindexável,que pode ser reindexado,low_re,res,reindexável,reindexar,indexável,indexar,verb,568,18.1020452,2.75434834,4.25772764,7,low,correct
LR040_high,LR040,4,3,reindexável,que é indexável novamente,low_re,res,reindexável,reindexar,indexável,indexar,verb,568,18.1020452,2.75434834,4.25772764,7,high,incorrect
LR041_low,LR041,1,1,recondicionável,que pode ser recondicionado,low_re,res,recondicionável,recondicionar,condicionável,condicionar,verb,581,18.5163526,2.76417613,4.26755544,11,low,correct
LR041_high,LR041,1,4,recondicionável,que é condicionável novamente,low_re,res,recondicionável,recondicionar,condicionável,condicionar,verb,581,18.5163526,2.76417613,4.26755544,11,high,incorrect
LR042_low,LR042,4,4,reabastecível,que pode ser reabastecido,low_re,res,reabastecível,reabastecer,abastecível,abastecer,verb,618,19.6955351,2.79098848,4.29436778,9,low,correct
LR042_high,LR042,4,3,reabastecível,que é abastecível novamente,low_re,res,reabastecível,reabastecer,abastecível,abastecer,verb,618,19.6955351,2.79098848,4.29436778,9,high,incorrect
LR043_low,LR043,2,2,reequilibrável,que pode ser reequilibrado,low_re,res,reequilibrável,reequilibrar,equilibrável,equilibrar,verb,687,21.8945511,2.83695674,4.34033605,10,low,correct
LR043_high,LR043,2,1,reequilibrável,que é equilibrável novamente,low_re,res,reequilibrável,reequilibrar,equilibrável,equilibrar,verb,687,21.8945511,2.83695674,4.34033605,10,high,incorrect
LR044_low,LR044,3,3,reabsorvível,que pode ser reabsorvido,low_re,res,reabsorvível,reabsorver,absorvível,absorver,verb,744,23.7111296,2.87157294,4.37495224,8,low,correct
LR044_high,LR044,3,2,reabsorvível,que é absorvível novamente,low_re,res,reabsorvível,reabsorver,absorvível,absorver,verb,744,23.7111296,2.87157294,4.37495224,8,high,incorrect
LR045_low,LR045,4,4,replantável,que pode ser replantado,low_re,res,replantável,replantar,plantável,plantar,verb,757,24.125437,2.87909588,4.38247519,7,low,correct
LR045_high,LR045,4,3,replantável,que é plantável novamente,low_re,res,replantável,replantar,plantável,plantar,verb,757,24.125437,2.87909588,4.38247519,7,high,incorrect
LR046_low,LR046,2,2,reordenável,que pode ser reordenado,low_re,res,reordenável,reordenar,ordenável,ordenar,verb,777,24.7628329,2.89042102,4.39380033,7,low,correct
LR046_high,LR046,2,1,reordenável,que é ordenável novamente,low_re,res,reordenável,reordenar,ordenável,ordenar,verb,777,24.7628329,2.89042102,4.39380033,7,high,incorrect
LR047_low,LR047,1,1,reenterrável,que pode ser reenterrado,low_re,res,reenterrável,reenterrar,enterrável,enterrar,verb,905,28.8421671,2.95664858,4.46002789,8,low,correct
LR047_high,LR047,1,4,reenterrável,que é enterrável novamente,low_re,res,reenterrável,reenterrar,enterrável,enterrar,verb,905,28.8421671,2.95664858,4.46002789,8,high,incorrect
LR048_low,LR048,3,3,reempregável,que pode ser reempregado,low_re,res,reempregável,reempregar,empregável,empregar,verb,931,29.6707818,2.96894968,4.47232899,8,low,correct
LR048_high,LR048,3,2,reempregável,que é empregável novamente,low_re,res,reempregável,reempregar,empregável,empregar,verb,931,29.6707818,2.96894968,4.47232899,8,high,incorrect
LR049_low,LR049,1,1,renovável,que pode ser renovado,low_re,res,renovável,renovar,-,renovar,verb,967,30.81809452,2.985426474,4.488805783,7,low,correct
LR049_high,LR049,1,4,renovável,que é novável novamente,low_re,res,renovável,renovar,-,renovar,verb,967,30.81809452,2.985426474,4.488805783,7,high,incorrect
LR050_low,LR050,2,2,reanimável,que pode ser reanimado,low_re,res,reanimável,reanimar,animável,animar,verb,1378,43.9165814,3.13924922,4.64262853,6,low,correct
LR050_high,LR050,2,1,reanimável,que é animável novamente,low_re,res,reanimável,reanimar,animável,animar,verb,1378,43.9165814,3.13924922,4.64262853,6,high,incorrect
LR051_low,LR051,4,4,reassociável,que pode ser reassociado,low_re,res,reassociável,reassociar,associável,associar,verb,1452,46.2749465,3.16196662,4.66534593,8,low,correct
LR051_high,LR051,4,3,reassociável,que é associável novamente,low_re,res,reassociável,reassociar,associável,associar,verb,1452,46.2749465,3.16196662,4.66534593,8,high,incorrect
LR052_low,LR052,3,3,reimplantável,que pode ser reimplantado,low_re,res,reimplantável,reimplantar,implantável,implantar,verb,1586,50.5454994,3.20030318,4.70368249,9,low,correct
LR052_high,LR052,3,2,reimplantável,que é implantável novamente,low_re,res,reimplantável,reimplantar,implantável,implantar,verb,1586,50.5454994,3.20030318,4.70368249,9,high,incorrect
LR053_low,LR053,3,3,reintegrável,que pode ser reintegrado,low_re,res,reintegrável,reintegrar,integrável,integrar,verb,2495,79.5151456,3.39707055,4.90044986,8,low,correct
LR053_high,LR053,3,2,reintegrável,que é integrável novamente,low_re,res,reintegrável,reintegrar,integrável,integrar,verb,2495,79.5151456,3.39707055,4.90044986,8,high,incorrect
LR054_low,LR054,4,4,recontratável,que pode ser recontratado,low_re,res,recontratável,recontratar,contratável,contratar,verb,2882,91.8487574,3.45969398,4.96307329,9,low,correct
LR054_high,LR054,4,3,recontratável,que é contratável novamente,low_re,res,recontratável,recontratar,contratável,contratar,verb,2882,91.8487574,3.45969398,4.96307329,9,high,incorrect
LR055_low,LR055,2,2,reconquistável,que pode ser reconquistado,low_re,res,reconquistável,reconquistar,conquistável,conquistar,verb,3215,102.4614,3.50718098,5.01056029,10,low,correct
LR055_high,LR055,2,1,reconquistável,que é conquistável novamente,low_re,res,reconquistável,reconquistar,conquistável,conquistar,verb,3215,102.4614,3.50718098,5.01056029,10,high,incorrect
LR056_low,LR056,1,1,readmissível,que pode ser readmitido,low_re,res,readmissível,readmitir,admissível,admitir,verb,4080,130.028775,3.61066016,5.11403947,7,low,correct
LR056_high,LR056,1,4,readmissível,que é admissível novamente,low_re,res,readmissível,readmitir,admissível,admitir,verb,4080,130.028775,3.61066016,5.11403947,7,high,incorrect
LR057_low,LR057,1,1,readotável,que pode ser readotado,low_re,res,readotável,readotar,adotável,adotar,verb,4150,132.259661,3.6180481,5.12142741,6,low,correct
LR057_high,LR057,1,4,readotável,que é adotável novamente,low_re,res,readotável,readotar,adotável,adotar,verb,4150,132.259661,3.6180481,5.12142741,6,high,incorrect
LR058_low,LR058,2,2,reunível,que pode ser reunido,low_re,res,reunível,reunir,unível,reunir,verb,7669,244.4094797,3.884738738,5.388118047,6,low,correct
LR058_high,LR058,2,1,reunível,que é unível novamente,low_re,res,reunível,reunir,unível,reunir,verb,7669,244.4094797,3.884738738,5.388118047,6,high,incorrect
LR059_low,LR059,4,4,recolocável,que pode ser recolocado,low_re,res,recolocável,recolocar,colocável,colocar,verb,10587,337.40555,4.02477291,5.52815222,7,low,correct
LR059_high,LR059,4,3,recolocável,que é colocável novamente,low_re,res,recolocável,recolocar,colocável,colocar,verb,10587,337.40555,4.02477291,5.52815222,7,high,incorrect
LR060_low,LR060,3,3,reabrível,que pode ser reaberto,low_re,res,reabrível,reabrir,abrível,abrir,verb,13261,422.625389,4.12257628,5.62595558,5,low,correct
LR060_high,LR060,3,2,reabrível,que é abrível novamente,low_re,res,reabrível,reabrir,abrível,abrir,verb,13261,422.625389,4.12257628,5.62595558,5,high,incorrect
LD001_low,LD001,1,1,desaparafusável,que pode ser desaparafusado,low_des,rev,desaparafusável,desaparafusar,-,aparafusar,ver,1,0.031869798,0,1.503379309,10,low,correct
LD001_high,LD001,1,4,desaparafusável,que não é aparafusável,low_des,rev,desaparafusável,desaparafusar,-,aparafusar,ver,1,0.031869798,0,1.503379309,10,high,incorrect
LD002_low,LD002,4,4,desenformável,que pode ser desenformado,low_des,rev,desenformável,desenformar,enformável,enformar,ver,2,0.063739596,0.301029996,1.804409304,8,low,correct
LD002_high,LD002,4,3,desenformável,que não é enformável,low_des,rev,desenformável,desenformar,enformável,enformar,ver,2,0.063739596,0.301029996,1.804409304,8,high,incorrect
LD003_low,LD003,3,3,despareável,que pode ser despareado,low_des,rev,despareável,desparear,pareável,parear,ver,4,0.127479191,0.602059991,2.1054393,6,low,correct
LD003_high,LD003,3,2,despareável,que não é pareável,low_des,rev,despareável,desparear,pareável,parear,ver,4,0.127479191,0.602059991,2.1054393,6,high,incorrect
LD004_low,LD004,2,2,dessalinizável,que pode ser dessalinizado,low_des,rev,dessalinizável,dessalinizar,-,salinizar,ver,5,0.159348989,0.698970004,2.202349313,9,low,correct
LD004_high,LD004,2,1,dessalinizável,que não é salinizável,low_des,rev,dessalinizável,dessalinizar,-,salinizar,ver,5,0.159348989,0.698970004,2.202349313,9,high,incorrect
LD005_low,LD005,2,2,desumidificável,que pode ser desumidificado,low_des,rev,desumidificável,desumidificar,-,umidificar,ver,5,0.159348989,0.698970004,2.202349313,10,low,correct
LD005_high,LD005,2,1,desumidificável,que não é umidificável,low_des,rev,desumidificável,desumidificar,-,umidificar,ver,5,0.159348989,0.698970004,2.202349313,10,high,incorrect
LD006_low,LD006,3,3,desabotoável,que pode ser desabotoado,low_des,rev,desabotoável,desabotoar,-,abotoar,ver,15,0.478,1.1761,2.6795,7,low,correct
LD006_high,LD006,3,2,desabotoável,que não é abotoável,low_des,rev,desabotoável,desabotoar,-,abotoar,ver,15,0.478,1.1761,2.6795,7,high,incorrect
LD007_low,LD007,1,1,descriminalizável,que pode ser descriminalizado,low_des,rev,descriminalizável,descriminalizar,-,criminalizar,ver,25,0.796744946,1.397940009,2.901319317,12,low,correct
LD007_high,LD007,1,4,descriminalizável,que não é criminalizável,low_des,rev,descriminalizável,descriminalizar,-,criminalizar,ver,25,0.796744946,1.397940009,2.901319317,12,high,incorrect
LD008_low,LD008,4,4,destampável,que pode ser destampado,low_des,rev,destampável,destampar,tampável,tampar,ver,34,1.083573127,1.531478917,3.034858226,6,low,correct
LD008_high,LD008,4,3,destampável,que não é tampável,low_des,rev,destampável,destampar,tampável,tampar,ver,34,1.083573127,1.531478917,3.034858226,6,high,incorrect
LD009_low,LD009,1,1,desatolável,que pode ser desatolado,low_des,rev,desatolável,desatolar,-,atolar,ver,45,1.434140903,1.653212514,3.156591823,6,low,correct
LD009_high,LD009,1,4,desatolável,que não é atolável,low_des,rev,desatolável,desatolar,-,atolar,ver,45,1.434140903,1.653212514,3.156591823,6,high,incorrect
LD010_low,LD010,4,4,desenferrujável,que pode ser desenferrujado,low_des,rev,desenferrujável,desenferrujar,-,enferrujar,ver,45,1.434140903,1.653212514,3.156591823,10,low,correct
LD010_high,LD010,4,3,desenferrujável,que não é enferrujável,low_des,rev,desenferrujável,desenferrujar,-,enferrujar,ver,45,1.434140903,1.653212514,3.156591823,10,high,incorrect
LD011_low,LD011,3,3,desentortável,que pode ser desentortado,low_des,rev,desentortável,desentortar,-,entortar,ver,48,1.529750297,1.681241237,3.184620546,8,low,correct
LD011_high,LD011,3,2,desentortável,que não é entortável,low_des,rev,desentortável,desentortar,-,entortar,ver,48,1.529750297,1.681241237,3.184620546,8,high,incorrect
LD012_low,LD012,2,2,desintoxicável,que pode ser desintoxicado,low_des,rev,desintoxicável,desintoxicar,-,intoxicar,ver,53,1.689099286,1.72427587,3.227655178,9,low,correct
LD012_high,LD012,2,1,desintoxicável,que não é intoxicável,low_des,rev,desintoxicável,desintoxicar,-,intoxicar,ver,53,1.689099286,1.72427587,3.227655178,9,high,incorrect
LD013_low,LD013,3,3,desacorrentável,que pode ser desacorrentado,low_des,rev,desacorrentável,desacorrentar,-,acorrentar,ver,57,1.816578478,1.755874856,3.259254164,10,low,correct
LD013_high,LD013,3,2,desacorrentável,que não é acorrentável,low_des,rev,desacorrentável,desacorrentar,-,acorrentar,ver,57,1.816578478,1.755874856,3.259254164,10,high,incorrect
LD014_low,LD014,4,4,desenroscável,que pode ser desenroscado,low_des,rev,desenroscável,desenroscar,-,enroscar,ver,58,1.848448275,1.763427994,3.266807302,8,low,correct
LD014_high,LD014,4,3,desenroscável,que não é enroscável,low_des,rev,desenroscável,desenroscar,-,enroscar,ver,58,1.848448275,1.763427994,3.266807302,8,high,incorrect
LD015_low,LD015,2,2,desencravável,que pode ser desencravado,low_des,rev,desencravável,desencravar,-,encravar,ver,60,1.912187871,1.77815125,3.281530559,8,low,correct
LD015_high,LD015,2,1,desencravável,que não é encravável,low_des,rev,desencravável,desencravar,-,encravar,ver,60,1.912187871,1.77815125,3.281530559,8,high,incorrect
LD016_low,LD016,1,1,desentupível,que pode ser desentupido,low_des,rev,desentupível,desentupir,-,entupir,ver,67,2.135276456,1.826074803,3.329454111,7,low,correct
LD016_high,LD016,1,4,desentupível,que não é entupível,low_des,rev,desentupível,desentupir,-,entupir,ver,67,2.135276456,1.826074803,3.329454111,7,high,incorrect
LD017_low,LD017,2,2,desnivelável,que pode ser desnivelado,low_des,rev,desnivelável,desnivelar,nivelável,nivelar,ver,74,2.358365041,1.86923172,3.372611029,7,low,correct
LD017_high,LD017,2,1,desnivelável,que não é nivelável,low_des,rev,desnivelável,desnivelar,nivelável,nivelar,ver,74,2.358365041,1.86923172,3.372611029,7,high,incorrect
LD018_low,LD018,3,3,desemaranhável,que pode ser desemaranhado,low_des,rev,desemaranhável,desemaranhar,emaranhável,emaranhar,ver,75,2.390234839,1.875061263,3.378440572,9,low,correct
LD018_high,LD018,3,2,desemaranhável,que não é emaranhável,low_des,rev,desemaranhável,desemaranhar,emaranhável,emaranhar,ver,75,2.390234839,1.875061263,3.378440572,9,high,incorrect
LD019_low,LD019,1,1,desembrulhável,que pode ser desembrulhado,low_des,rev,desembrulhável,desembrulhar,-,embrulhar,ver,77,2.453974435,1.886490725,3.389870034,9,low,correct
LD019_high,LD019,1,4,desembrulhável,que não é embrulhável,low_des,rev,desembrulhável,desembrulhar,-,embrulhar,ver,77,2.453974435,1.886490725,3.389870034,9,high,incorrect
LD020_low,LD020,4,4,desengessável,que pode ser desengessado,low_des,rev,desengessável,desengessar,-,engessar,ver,78,2.485844233,1.892094603,3.395473911,8,low,correct
LD020_high,LD020,4,3,desengessável,que não é engessável,low_des,rev,desengessável,desengessar,-,engessar,ver,78,2.485844233,1.892094603,3.395473911,8,high,incorrect
LD021_low,LD021,1,1,desembaralhável,que pode ser desembaralhado,low_des,rev,desembaralhável,desembaralhar,-,embaralhar,ver,82,2.613323424,1.913813852,3.417193161,10,low,correct
LD021_high,LD021,1,4,desembaralhável,que não é embaralhável,low_des,rev,desembaralhável,desembaralhar,-,embaralhar,ver,82,2.613323424,1.913813852,3.417193161,10,high,incorrect
LD022_low,LD022,3,3,descompactável,que pode ser descompactado,low_des,rev,descompactável,descompactar,-,compactar,ver,85,2.708932818,1.929418926,3.432798235,9,low,correct
LD022_high,LD022,3,2,descompactável,que não é compactável,low_des,rev,descompactável,descompactar,-,compactar,ver,85,2.708932818,1.929418926,3.432798235,9,high,incorrect
LD023_low,LD023,4,4,descomprimível,que pode ser descomprimido,low_des,rev,descomprimível,descomprimir,comprimível,comprimir,ver,118,3.760636147,2.071882007,3.575261316,9,low,correct
LD023_high,LD023,4,3,descomprimível,que não é comprimível,low_des,rev,descomprimível,descomprimir,comprimível,comprimir,ver,118,3.760636147,2.071882007,3.575261316,9,high,incorrect
LD024_low,LD024,2,2,desgrudável,que pode ser desgrudado,low_des,rev,desgrudável,desgrudar,-,grudar,ver,135,4.30242271,2.130333768,3.633713077,6,low,correct
LD024_high,LD024,2,1,desgrudável,que não é grudável,low_des,rev,desgrudável,desgrudar,-,grudar,ver,135,4.30242271,2.130333768,3.633713077,6,high,incorrect
LD025_low,LD025,2,2,desinflável,que pode ser desinflado,low_des,rev,desinflável,desinflar,-,inflar,ver,143,4.557381093,2.155336037,3.658715346,6,low,correct
LD025_high,LD025,2,1,desinflável,que não é inflável,low_des,rev,desinflável,desinflar,-,inflar,ver,143,4.557381093,2.155336037,3.658715346,6,high,incorrect
LD026_low,LD026,3,3,desobstruível,que pode ser desobstruido,low_des,rev,desobstruível,desobstruir,obstruível,obstruir,ver,204,6.501438762,2.309630167,3.813009476,8,low,correct
LD026_high,LD026,3,2,desobstruível,que não é obstruível,low_des,rev,desobstruível,desobstruir,obstruível,obstruir,ver,204,6.501438762,2.309630167,3.813009476,8,high,incorrect
LD027_low,LD027,4,4,desalinhável,que pode ser desalinhado,low_des,rev,desalinhável,desalinhar,-,alinhar,ver,229,7.298183708,2.359835482,3.863214791,7,low,correct
LD027_high,LD027,4,3,desalinhável,que não é alinhável,low_des,rev,desalinhável,desalinhar,-,alinhar,ver,229,7.298183708,2.359835482,3.863214791,7,high,incorrect
LD028_low,LD028,1,1,despoluível,que pode ser despoluido,low_des,rev,despoluível,despoluir,-,poluir,ver,238,7.585011889,2.376576957,3.879956266,6,low,correct
LD028_high,LD028,1,4,despoluível,que não é poluível,low_des,rev,despoluível,despoluir,-,poluir,ver,238,7.585011889,2.376576957,3.879956266,6,high,incorrect
LD029_low,LD029,2,2,desenrolável,que pode ser desenrolado,low_des,rev,desenrolável,desenrolar,-,enrolar,ver,268,8.541105825,2.428134794,3.931514103,7,low,correct
LD029_high,LD029,2,1,desenrolável,que não é enrolável,low_des,rev,desenrolável,desenrolar,-,enrolar,ver,268,8.541105825,2.428134794,3.931514103,7,high,incorrect
LD030_low,LD030,3,3,destrancável,que pode ser destrancado,low_des,rev,destrancável,destrancar,trancável,trancar,ver,287,9.146631984,2.457881897,3.961261206,7,low,correct
LD030_high,LD030,3,2,destrancável,que não é trancável,low_des,rev,destrancável,destrancar,trancável,trancar,ver,287,9.146631984,2.457881897,3.961261206,7,high,incorrect
LD031_low,LD031,1,1,desconectável,que pode ser desconectado,low_des,rev,desconectável,desconectar,-,conectar,ver,303,9.656548749,2.481442629,3.984821937,8,low,correct
LD031_high,LD031,1,4,desconectável,que não é conectável,low_des,rev,desconectável,desconectar,-,conectar,ver,303,9.656548749,2.481442629,3.984821937,8,high,incorrect
LD032_low,LD032,4,4,desagregável,que pode ser desagregado,low_des,rev,desagregável,desagregar,agregável,agregar,ver,315,10.03898632,2.498310554,4.001689863,7,low,correct
LD032_high,LD032,4,3,desagregável,que não é agregável,low_des,rev,desagregável,desagregar,agregável,agregar,ver,315,10.03898632,2.498310554,4.001689863,7,high,incorrect
LD033_low,LD033,4,4,desembalável,que pode ser desembalado,low_des,rev,desembalável,desembalar,-,embalar,ver,316,10.07085612,2.499687083,4.003066391,7,low,correct
LD033_high,LD033,4,3,desembalável,que não é embalável,low_des,rev,desembalável,desembalar,-,embalar,ver,316,10.07085612,2.499687083,4.003066391,7,high,incorrect
LD034_low,LD034,1,1,desarquivável,que pode ser desarquivado,low_des,rev,desarquivável,desarquivar,arquivável,arquivar,ver,332,10.58077289,2.521138084,4.024517393,8,low,correct
LD034_high,LD034,1,4,desarquivável,que não é arquivável,low_des,rev,desarquivável,desarquivar,arquivável,arquivar,ver,332,10.58077289,2.521138084,4.024517393,8,high,incorrect
LD035_low,LD035,2,2,desestruturável,que pode ser desestruturado,low_des,rev,desestruturável,desestruturar,-,estruturar,ver,360,11.47312723,2.556302501,4.05968181,10,low,correct
LD035_high,LD035,2,1,desestruturável,que não é estruturável,low_des,rev,desestruturável,desestruturar,-,estruturar,ver,360,11.47312723,2.556302501,4.05968181,10,high,incorrect
LD036_low,LD036,3,3,descredenciável,que pode ser descredenciado,low_des,rev,descredenciável,descredenciar,-,credenciar,ver,382,12.17426278,2.582063363,4.085442672,10,low,correct
LD036_high,LD036,3,2,descredenciável,que não é credenciável,low_des,rev,descredenciável,descredenciar,-,credenciar,ver,382,12.17426278,2.582063363,4.085442672,10,high,incorrect
LD037_low,LD037,3,3,descolável,que pode ser descolado,low_des,rev,descolável,descolar,colável,colar,ver,392,12.49296076,2.593286067,4.096665376,5,low,correct
LD037_high,LD037,3,2,descolável,que não é colável,low_des,rev,descolável,descolar,colável,colar,ver,392,12.49296076,2.593286067,4.096665376,5,high,incorrect
LD038_low,LD038,2,2,descolorível,que pode ser descolorido,low_des,rev,descolorível,descolorir,-,colorir,ver,515,16.41294589,2.711807229,4.215186538,7,low,correct
LD038_high,LD038,2,1,descolorível,que não é colorível,low_des,rev,descolorível,descolorir,-,colorir,ver,515,16.41294589,2.711807229,4.215186538,7,high,incorrect
LD039_low,LD039,1,1,desarrumável,que pode ser desarrumado,low_des,rev,desarrumável,desarrumar,arrumável,arrumar,ver,537,17.11408145,2.729974286,4.233353594,7,low,correct
LD039_high,LD039,1,4,desarrumável,que não é arrumável,low_des,rev,desarrumável,desarrumar,arrumável,arrumar,ver,537,17.11408145,2.729974286,4.233353594,7,high,incorrect
LD040_low,LD040,4,4,desamarrável,que pode ser desamarrado,low_des,rev,desamarrável,desamarrar,-,amarrar,ver,554,17.65586801,2.743509765,4.246889074,7,low,correct
LD040_high,LD040,4,3,desamarrável,que não é amarrável,low_des,rev,desamarrável,desamarrar,-,amarrar,ver,554,17.65586801,2.743509765,4.246889074,7,high,incorrect
LD041_low,LD041,2,2,destravável,que pode ser destravado,low_des,rev,destravável,destravar,-,travar,ver,632,20.14171224,2.800717078,4.304096387,6,low,correct
LD041_high,LD041,2,1,destravável,que não é travável,low_des,rev,destravável,destravar,-,travar,ver,632,20.14171224,2.800717078,4.304096387,6,high,incorrect
LD042_low,LD042,3,3,descongelável,que pode ser descongelado,low_des,rev,descongelável,descongelar,-,congelar,ver,636,20.26919143,2.803457116,4.306836424,8,low,correct
LD042_high,LD042,3,2,descongelável,que não é congelável,low_des,rev,descongelável,descongelar,-,congelar,ver,636,20.26919143,2.803457116,4.306836424,8,high,incorrect
LD043_low,LD043,1,1,desbloqueável,que pode ser desbloqueado,low_des,rev,desbloqueável,desbloquear,-,bloquear,ver,715,22.78690546,2.854306042,4.357685351,8,low,correct
LD043_high,LD043,1,4,desbloqueável,que não é bloqueável,low_des,rev,desbloqueável,desbloquear,-,bloquear,ver,715,22.78690546,2.854306042,4.357685351,8,high,incorrect
LD044_low,LD044,4,4,descontaminável,que pode ser descontaminado,low_des,rev,descontaminável,descontaminar,-,contaminar,ver,803,25.59144768,2.904715545,4.408094854,10,low,correct
LD044_high,LD044,4,3,descontaminável,que não é contaminável,low_des,rev,descontaminável,descontaminar,-,contaminar,ver,803,25.59144768,2.904715545,4.408094854,10,high,incorrect
LD045_low,LD045,1,1,desdobrável,que pode ser desdobrado,low_des,rev,desdobrável,desdobrar,-,dobrar,ver,872,27.79046373,2.940516485,4.443895794,6,low,correct
LD045_high,LD045,1,4,desdobrável,que não é dobrável,low_des,rev,desdobrável,desdobrar,-,dobrar,ver,872,27.79046373,2.940516485,4.443895794,6,high,incorrect
LD046_low,LD046,3,3,desvinculável,que pode ser desvinculado,low_des,rev,desvinculável,desvincular,-,vincular,ver,979,31.2005321,2.990782692,4.494162001,8,low,correct
LD046_high,LD046,3,2,desvinculável,que não é vinculável,low_des,rev,desvinculável,desvincular,-,vincular,ver,979,31.2005321,2.990782692,4.494162001,8,high,incorrect
LD047_low,LD047,2,2,desacelerável,que pode ser desacelerado,low_des,rev,desacelerável,desacelerar,acelerável,acelerar,ver,1052,33.52702734,3.02201574,4.525395049,8,low,correct
LD047_high,LD047,2,1,desacelerável,que não é acelerável,low_des,rev,desacelerável,desacelerar,acelerável,acelerar,ver,1052,33.52702734,3.02201574,4.525395049,8,high,incorrect
LD048_low,LD048,4,4,descruzável,que pode ser descruzado,low_des,rev,descruzável,descruzar,-,cruzar,ver,1283,40.88895065,3.108226656,4.611605965,6,low,correct
LD048_high,LD048,4,3,descruzável,que não é cruzável,low_des,rev,descruzável,descruzar,-,cruzar,ver,1283,40.88895065,3.108226656,4.611605965,6,high,incorrect
LD049_low,LD049,2,2,desprogramável,que pode ser desprogramado,low_des,rev,desprogramável,desprogramar,-,programar,ver,1547,49.30257728,3.189490314,4.692869622,9,low,correct
LD049_high,LD049,2,1,desprogramável,que não é programável,low_des,rev,desprogramável,desprogramar,-,programar,ver,1547,49.30257728,3.189490314,4.692869622,9,high,incorrect
LD050_low,LD050,4,4,descaracterizável,que pode ser descaracterizado,low_des,rev,descaracterizável,descaracterizar,-,caracterizar,ver,1575,50.19493162,3.197280558,4.700659867,12,low,correct
LD050_high,LD050,4,3,descaracterizável,que não é caracterizável,low_des,rev,descaracterizável,descaracterizar,-,caracterizar,ver,1575,50.19493162,3.197280558,4.700659867,12,high,incorrect
LD051_low,LD051,3,3,descarregável,que pode ser descarregado,low_des,rev,descarregável,descarregar,-,carregar,ver,1685,53.70060938,3.226599905,4.729979214,8,low,correct
LD051_high,LD051,3,2,descarregável,que não é carregável,low_des,rev,descarregável,descarregar,-,carregar,ver,1685,53.70060938,3.226599905,4.729979214,8,high,incorrect
LD052_low,LD052,1,1,desarmável,que pode ser desarmado,low_des,rev,desarmável,desarmar,-,armar,ver,2539,80.91741675,3.404662701,4.90804201,5,low,correct
LD052_high,LD052,1,4,desarmável,que não é armável,low_des,rev,desarmável,desarmar,-,armar,ver,2539,80.91741675,3.404662701,4.90804201,5,high,incorrect
LD053_low,LD053,1,1,desinstalável,que pode ser desinstalado,low_des,rev,desinstalável,desinstalar,-,instalar,ver,3176,101.218478,3.501880494,5.005259803,8,low,correct
LD053_high,LD053,1,4,desinstalável,que não é instalável,low_des,rev,desinstalável,desinstalar,-,instalar,ver,3176,101.218478,3.501880494,5.005259803,8,high,incorrect
LD054_low,LD054,4,4,desmontável,que pode ser desmontado,low_des,rev,desmontável,desmontar,-,montar,ver,3319,105.7758591,3.521007252,5.024386561,6,low,correct
LD054_high,LD054,4,3,desmontável,que não é montável,low_des,rev,desmontável,desmontar,-,montar,ver,3319,105.7758591,3.521007252,5.024386561,6,high,incorrect
LD055_low,LD055,3,3,desorganizável,que pode ser desorganizado,low_des,rev,desorganizável,desorganizar,organizável,organizar,ver,3424,109.1221878,3.534533756,5.037913065,9,low,correct
LD055_high,LD055,3,2,desorganizável,que não é organizável,low_des,rev,desorganizável,desorganizar,organizável,organizar,ver,3424,109.1221878,3.534533756,5.037913065,9,high,incorrect
LD056_low,LD056,2,2,desconstruível,que pode ser desconstruido,low_des,rev,desconstruível,desconstruir,-,construir,ver,4343,138.4105321,3.637789829,5.141169138,9,low,correct
LD056_high,LD056,2,1,desconstruível,que não é construível,low_des,rev,desconstruível,desconstruir,-,construir,ver,4343,138.4105321,3.637789829,5.141169138,9,high,incorrect
LD057_low,LD057,4,4,desocupável,que pode ser desocupado,low_des,rev,desocupável,desocupar,-,ocupar,ver,4972,158.4566349,3.69653112,5.199910429,6,low,correct
LD057_high,LD057,4,3,desocupável,que não é ocupável,low_des,rev,desocupável,desocupar,-,ocupar,ver,4972,158.4566349,3.69653112,5.199910429,6,high,incorrect
LD058_low,LD058,1,1,desprendível,que pode ser desprendido,low_des,rev,desprendível,desprender,prendível,prender,ver,5947,189.5296878,3.774297938,5.277677247,7,low,correct
LD058_high,LD058,1,4,desprendível,que não é prendível,low_des,rev,desprendível,desprender,prendível,prender,ver,5947,189.5296878,3.774297938,5.277677247,7,high,incorrect
LD059_low,LD059,3,3,desligável,que pode ser desligado,low_des,rev,desligável,desligar,-,ligar,ver,6657,212.1572443,3.823278557,5.326657866,5,low,correct
LD059_high,LD059,3,2,desligável,que não é ligável,low_des,rev,desligável,desligar,-,ligar,ver,6657,212.1572443,3.823278557,5.326657866,5,high,incorrect
LD060_low,LD060,2,2,desmarcável,que pode ser desmarcado,low_des,rev,desmarcável,desmarcar,marcável,marcar,ver,9385,299.0980529,3.972434277,5.475813586,6,low,correct
LD060_high,LD060,2,1,desmarcável,que não é marcável,low_des,rev,desmarcável,desmarcar,marcável,marcar,ver,9385,299.0980529,3.972434277,5.475813586,6,high,incorrect
HD001_low,HD001,2,1,descomensurável,que pode ser descomensurado,high_des,neg,descomensurável,-,comensurável,comensurar,ver,1,0.031869798,0,1.503379309,10,low,incorrect
HD001_high,HD001,2,2,descomensurável,que não é comensurável,high_des,neg,descomensurável,-,comensurável,comensurar,ver,1,0.031869798,0,1.503379309,10,high,correct
HD002_low,HD002,4,3,descaramelizável,que pode ser descaramelizado,high_des,neg,descaramelizável,,caramelizável,caramelizar,ver,4,0.127479191,0.602059991,2.1054393,11,low,incorrect
HD002_high,HD002,4,4,descaramelizável,que não é caramelizável,high_des,neg,descaramelizável,,caramelizável,caramelizar,ver,4,0.127479191,0.602059991,2.1054393,11,high,correct
HD003_low,HD003,1,4,desescaneável,que pode ser desescaneado,high_des,neg,desescaneável,,escaneável,escanear,ver,10,0.318697979,1,2.503379309,8,low,incorrect
HD003_high,HD003,1,1,desescaneável,que não é escaneável,high_des,neg,desescaneável,,escaneável,escanear,ver,10,0.318697979,1,2.503379309,8,high,correct
HD004_low,HD004,3,2,desenxaguável,que pode ser desenxaguado,high_des,neg,desenxaguável,,enxaguável,enxaguar,ver,16,0.509916766,1.204119983,2.707499291,8,low,incorrect
HD004_high,HD004,3,3,desenxaguável,que não é enxaguável,high_des,neg,desenxaguável,,enxaguável,enxaguar,ver,16,0.509916766,1.204119983,2.707499291,8,high,correct
HD005_low,HD005,1,4,desadubável,que pode ser desadubado,high_des,neg,desadubável,,adubável,adubar,ver,22,0.701135553,1.342422681,2.84580199,6,low,incorrect
HD005_high,HD005,1,1,desadubável,que não é adubável,high_des,neg,desadubável,,adubável,adubar,ver,22,0.701135553,1.342422681,2.84580199,6,high,correct
HD006_low,HD006,3,2,desaprazível,que pode ser desaprazido,high_des,neg,desaprazível,-,aprazível,aprazer,ver,22,0.701135553,1.342422681,2.84580199,7,low,incorrect
HD006_high,HD006,3,3,desaprazível,que não é aprazível,high_des,neg,desaprazível,-,aprazível,aprazer,ver,22,0.701135553,1.342422681,2.84580199,7,high,correct
HD007_low,HD007,2,1,deslapidável,que pode ser deslapidado,high_des,neg,deslapidável,,lapidável,lapidar,ver,25,0.796744946,1.397940009,2.901319317,7,low,incorrect
HD007_high,HD007,2,2,deslapidável,que não é lapidável,high_des,neg,deslapidável,,lapidável,lapidar,ver,25,0.796744946,1.397940009,2.901319317,7,high,correct
HD008_low,HD008,4,3,despasteurizável,que pode ser despasteurizado,high_des,neg,despasteurizável,,pasteurizável,pasteurizar,ver,39,1.242922116,1.591064607,3.094443916,11,low,incorrect
HD008_high,HD008,4,4,despasteurizável,que não é pasteurizável,high_des,neg,despasteurizável,,pasteurizável,pasteurizar,ver,39,1.242922116,1.591064607,3.094443916,11,high,correct
HD009_low,HD009,2,1,desmastigável,que pode ser desmastigado,high_des,neg,desmastigável,,mastigável,mastigar,ver,46,1.466010701,1.662757832,3.16613714,8,low,incorrect
HD009_high,HD009,2,2,desmastigável,que não é mastigável,high_des,neg,desmastigável,,mastigável,mastigar,ver,46,1.466010701,1.662757832,3.16613714,8,high,correct
HD010_low,HD010,4,3,desconfortável,que pode ser desconfortado,high_des,neg,desconfortável,-,confortável,confortar,ver,49,1.561620095,1.69019608,3.193575389,9,low,incorrect
HD010_high,HD010,4,4,desconfortável,que não é confortável,high_des,neg,desconfortável,-,confortável,confortar,ver,49,1.561620095,1.69019608,3.193575389,9,high,correct
HD011_low,HD011,3,2,destriturável,que pode ser destriturado,high_des,neg,destriturável,,triturável,triturar,ver,54,1.720969084,1.73239376,3.235773069,8,low,incorrect
HD011_high,HD011,3,3,destriturável,que não é triturável,high_des,neg,destriturável,,triturável,triturar,ver,54,1.720969084,1.73239376,3.235773069,8,high,correct
HD012_low,HD012,1,4,desgrelhável,que pode ser desgrelhado,high_des,neg,desgrelhável,,grelhável,grelhar,ver,88,2.804542211,1.944482672,3.447861981,7,low,incorrect
HD012_high,HD012,1,1,desgrelhável,que não é grelhável,high_des,neg,desgrelhável,,grelhável,grelhar,ver,88,2.804542211,1.944482672,3.447861981,7,high,correct
HD013_low,HD013,3,2,descarimbável,que pode ser descarimbado,high_des,neg,descarimbável,,carimbável,carimbar,ver,93,2.9638912,1.968482949,3.471862257,8,low,incorrect
HD013_high,HD013,3,3,descarimbável,que não é carimbável,high_des,neg,descarimbável,,carimbável,carimbar,ver,93,2.9638912,1.968482949,3.471862257,8,high,correct
HD014_low,HD014,1,4,desdublável,que pode ser desdublado,high_des,neg,desdublável,,dublável,dublar,ver,107,3.41006837,2.029383778,3.532763086,6,low,incorrect
HD014_high,HD014,1,1,desdublável,que não é dublável,high_des,neg,desdublável,,dublável,dublar,ver,107,3.41006837,2.029383778,3.532763086,6,high,correct
HD015_low,HD015,4,3,desassável,que pode ser desassado,high_des,neg,desassável,,assável,assar,ver,111,3.537547562,2.045322979,3.548702288,5,low,incorrect
HD015_high,HD015,4,4,desassável,que não é assável,high_des,neg,desassável,,assável,assar,ver,111,3.537547562,2.045322979,3.548702288,5,high,correct
HD016_low,HD016,2,1,descapotável,que pode ser descapotado,high_des,neg,descapotável,-,capotável,capotar,ver,111,3.537547562,2.045322979,3.548702288,7,low,incorrect
HD016_high,HD016,2,2,descapotável,que não é capotável,high_des,neg,descapotável,-,capotável,capotar,ver,111,3.537547562,2.045322979,3.548702288,7,high,correct
HD017_low,HD017,1,4,desenumerável,que pode ser desenumerado,high_des,neg,desenumerável,-,enumerável,enumerar,ver,141,4.493641497,2.149219113,3.652598421,8,low,incorrect
HD017_high,HD017,1,1,desenumerável,que não é enumerável,high_des,neg,desenumerável,-,enumerável,enumerar,ver,141,4.493641497,2.149219113,3.652598421,8,high,correct
HD018_low,HD018,3,2,desregável,que pode ser desregado,high_des,neg,desregável,,regável,regar,ver,157,5.003558263,2.195899652,3.699278961,5,low,incorrect
HD018_high,HD018,3,3,desregável,que não é regável,high_des,neg,desregável,,regável,regar,ver,157,5.003558263,2.195899652,3.699278961,5,high,correct
HD019_low,HD019,4,3,desminável,que pode ser desminado,high_des,neg,desminável,-,minável,minar,ver,192,6.119001188,2.283301229,3.786680537,5,low,incorrect
HD019_high,HD019,4,4,desminável,que não é minável,high_des,neg,desminável,-,minável,minar,ver,192,6.119001188,2.283301229,3.786680537,5,high,correct
HD020_low,HD020,2,1,descozinhável,que pode ser descozinhado,high_des,neg,descozinhável,,cozinhável,cozinhar,ver,201,6.405829368,2.303196057,3.806575366,8,low,incorrect
HD020_high,HD020,2,2,descozinhável,que não é cozinhável,high_des,neg,descozinhável,,cozinhável,cozinhar,ver,201,6.405829368,2.303196057,3.806575366,8,high,correct
HD021_low,HD021,4,3,desdiagnosticável,que pode ser desdiagnosticado,high_des,neg,desdiagnosticável,-,diagnosticável,diagnosticar,ver,215,6.852006538,2.33243846,3.835817769,12,low,incorrect
HD021_high,HD021,4,4,desdiagnosticável,que não é diagnosticável,high_des,neg,desdiagnosticável,-,diagnosticável,diagnosticar,ver,215,6.852006538,2.33243846,3.835817769,12,high,correct
HD022_low,HD022,1,4,desgerenciável,que pode ser desgerenciado,high_des,neg,desgerenciável,-,gerenciável,gerenciar,ver,220,7.011355528,2.342422681,3.84580199,9,low,incorrect
HD022_high,HD022,1,1,desgerenciável,que não é gerenciável,high_des,neg,desgerenciável,-,gerenciável,gerenciar,ver,220,7.011355528,2.342422681,3.84580199,9,high,correct
HD023_low,HD023,3,2,desfalsificável,que pode ser desfalsificado,high_des,neg,desfalsificável,-,falsificável,falsificar,ver,221,7.043225326,2.344392274,3.847771582,10,low,incorrect
HD023_high,HD023,3,3,desfalsificável,que não é falsificável,high_des,neg,desfalsificável,-,falsificável,falsificar,ver,221,7.043225326,2.344392274,3.847771582,10,high,correct
HD024_low,HD024,2,1,desnavegável,que pode ser desnavegado,high_des,neg,desnavegável,-,navegável,navegar,ver,222,7.075095123,2.346352974,3.849732283,7,low,incorrect
HD024_high,HD024,2,2,desnavegável,que não é navegável,high_des,neg,desnavegável,-,navegável,navegar,ver,222,7.075095123,2.346352974,3.849732283,7,high,correct
HD025_low,HD025,4,3,desencenável,que pode ser desencenado,high_des,neg,desencenável,,encenável,encenar,ver,351,11.18629905,2.545307116,4.048686425,7,low,incorrect
HD025_high,HD025,4,4,desencenável,que não é encenável,high_des,neg,desencenável,,encenável,encenar,ver,351,11.18629905,2.545307116,4.048686425,7,high,correct
HD026_low,HD026,1,4,descontornável,que pode ser descontornado,high_des,neg,descontornável,-,contornável,contornar,ver,359,11.44125743,2.555094449,4.058473757,9,low,incorrect
HD026_high,HD026,1,1,descontornável,que não é contornável,high_des,neg,descontornável,-,contornável,contornar,ver,359,11.44125743,2.555094449,4.058473757,9,high,correct
HD027_low,HD027,2,1,desrespirável,que pode ser desrespirado,high_des,neg,desrespirável,-,respirável,respirar,ver,361,11.50499702,2.557507202,4.060886511,8,low,incorrect
HD027_high,HD027,2,2,desrespirável,que não é respirável,high_des,neg,desrespirável,-,respirável,respirar,ver,361,11.50499702,2.557507202,4.060886511,8,high,correct
HD028_low,HD028,3,2,desreparável,que pode ser desreparado,high_des,neg,desreparável,-,reparável,reparar,ver,371,11.823695,2.56937391,4.072753218,7,low,incorrect
HD028_high,HD028,3,3,desreparável,que não é reparável,high_des,neg,desreparável,-,reparável,reparar,ver,371,11.823695,2.56937391,4.072753218,7,high,correct
HD029_low,HD029,3,2,desacomodável,que pode ser desacomodado,high_des,neg,desacomodável,-,acomodável,acomodar,ver,389,12.39735136,2.589949601,4.09332891,8,low,incorrect
HD029_high,HD029,3,3,desacomodável,que não é acomodável,high_des,neg,desacomodável,-,acomodável,acomodar,ver,389,12.39735136,2.589949601,4.09332891,8,high,correct
HD030_low,HD030,2,1,despilotável,que pode ser despilotado,high_des,neg,despilotável,,pilotável,pilotar,ver,491,15.64807075,2.691081492,4.194460801,7,low,incorrect
HD030_high,HD030,2,2,despilotável,que não é pilotável,high_des,neg,despilotável,,pilotável,pilotar,ver,491,15.64807075,2.691081492,4.194460801,7,high,correct
HD031_low,HD031,4,3,desconvinhável,que pode ser desconvindo,high_des,neg,desconvinhável,-,convinhável,convir,ver,554,17.65586801,2.743509765,4.246889074,6,low,incorrect
HD031_high,HD031,4,4,desconvinhável,que não é convinhável,high_des,neg,desconvinhável,-,convinhável,convir,ver,554,17.65586801,2.743509765,4.246889074,6,high,correct
HD032_low,HD032,1,4,desfotografável,que pode ser desfotografado,high_des,neg,desfotografável,-,fotografável,fotografar,ver,623,19.85488406,2.794488047,4.297867355,10,low,incorrect
HD032_high,HD032,1,1,desfotografável,que não é fotografável,high_des,neg,desfotografável,-,fotografável,fotografar,ver,623,19.85488406,2.794488047,4.297867355,10,high,correct
HD033_low,HD033,4,3,desapelável,que pode ser desapelado,high_des,neg,desapelável,-,apelável,apelar,ver,624,19.88675386,2.79518459,4.298563898,6,low,incorrect
HD033_high,HD033,4,4,desapelável,que não é apelável,high_des,neg,desapelável,-,apelável,apelar,ver,624,19.88675386,2.79518459,4.298563898,6,high,correct
HD034_low,HD034,1,4,desnarrável,que pode ser desnarrado,high_des,neg,desnarrável,-,narrável,narrar,ver,681,21.70333234,2.833147112,4.336526421,6,low,incorrect
HD034_high,HD034,1,1,desnarrável,que não é narrável,high_des,neg,desnarrável,-,narrável,narrar,ver,681,21.70333234,2.833147112,4.336526421,6,high,correct
HD035_low,HD035,2,1,desdistinguível,que pode ser desdistinguido,high_des,neg,desdistinguível,-,distinguível,distinguir,ver,820,26.13323424,2.913813852,4.417193161,10,low,incorrect
HD035_high,HD035,2,2,desdistinguível,que não é distinguível,high_des,neg,desdistinguível,-,distinguível,distinguir,ver,820,26.13323424,2.913813852,4.417193161,10,high,correct
HD036_low,HD036,3,2,desagradável,que pode ser desagradado,high_des,neg,desagradável,-,agradável,agradar,ver,838,26.7068906,2.923244019,4.426623327,7,low,incorrect
HD036_high,HD036,3,3,desagradável,que não é agradável,high_des,neg,desagradável,-,agradável,agradar,ver,838,26.7068906,2.923244019,4.426623327,7,high,correct
HD037_low,HD037,1,4,desconfiável,que pode ser desconfiado,high_des,neg,desconfiável,-,confiável,confiar,ver,936,29.83013079,2.971275849,4.474655158,7,low,incorrect
HD037_high,HD037,1,1,desconfiável,que não é confiável,high_des,neg,desconfiável,-,confiável,confiar,ver,936,29.83013079,2.971275849,4.474655158,7,high,correct
HD038_low,HD038,2,1,desexportável,que pode ser desexportado,high_des,neg,desexportável,-,exportável,exportar,ver,972,30.97744351,2.987666265,4.491045574,8,low,incorrect
HD038_high,HD038,2,2,desexportável,que não é exportável,high_des,neg,desexportável,-,exportável,exportar,ver,972,30.97744351,2.987666265,4.491045574,8,high,correct
HD039_low,HD039,4,3,desentrevistável,que pode ser desentrevistado,high_des,neg,desentrevistável,,entrevistável,entrevistar,ver,988,31.48736028,2.994756945,4.498136253,11,low,incorrect
HD039_high,HD039,4,4,desentrevistável,que não é entrevistável,high_des,neg,desentrevistável,,entrevistável,entrevistar,ver,988,31.48736028,2.994756945,4.498136253,11,high,correct
HD040_low,HD040,3,2,descompensável,que pode ser descompensado,high_des,neg,descompensável,-,compensável,compensar,ver,1075,34.26003269,3.031408464,4.534787773,9,low,incorrect
HD040_high,HD040,3,3,descompensável,que não é compensável,high_des,neg,descompensável,-,compensável,compensar,ver,1075,34.26003269,3.031408464,4.534787773,9,high,correct
HD041_low,HD041,3,2,despesquisável,que pode ser despesquisado,high_des,neg,despesquisável,-,pesquisável,pesquisar,ver,1197,38.14814803,3.07809415,4.581473459,9,low,incorrect
HD041_high,HD041,3,3,despesquisável,que não é pesquisável,high_des,neg,despesquisável,-,pesquisável,pesquisar,ver,1197,38.14814803,3.07809415,4.581473459,9,high,correct
HD042_low,HD042,1,4,desconsultável,que pode ser desconsultado,high_des,neg,desconsultável,-,consultável,consultar,ver,1237,39.42293994,3.0923697,4.595749008,9,low,incorrect
HD042_high,HD042,1,1,desconsultável,que não é consultável,high_des,neg,desconsultável,-,consultável,consultar,ver,1237,39.42293994,3.0923697,4.595749008,9,high,correct
HD043_low,HD043,2,1,deseditável,que pode ser deseditado,high_des,neg,deseditável,-,editável,editar,ver,1295,41.27138822,3.112269768,4.615649077,6,low,incorrect
HD043_high,HD043,2,2,deseditável,que não é editável,high_des,neg,deseditável,-,editável,editar,ver,1295,41.27138822,3.112269768,4.615649077,6,high,correct
HD044_low,HD044,4,3,desamável,que pode ser desamado,high_des,neg,desamável,-,amável,amar,ver,1354,43.15170629,3.131618664,4.634997973,4,low,incorrect
HD044_high,HD044,4,4,desamável,que não é amável,high_des,neg,desamável,-,amável,amar,ver,1354,43.15170629,3.131618664,4.634997973,4,high,correct
HD045_low,HD045,3,2,desadministrável,que pode ser desadministrado,high_des,neg,desadministrável,-,administrável,administrar,ver,1421,45.28698275,3.152594078,4.655973387,11,low,incorrect
HD045_high,HD045,3,3,desadministrável,que não é administrável,high_des,neg,desadministrável,-,administrável,administrar,ver,1421,45.28698275,3.152594078,4.655973387,11,high,correct
HD046_low,HD046,4,3,desexaminável,que pode ser desexaminado,high_des,neg,desexaminável,-,examinável,examinar,ver,1454,46.33868608,3.162564407,4.665943715,8,low,incorrect
HD046_high,HD046,4,4,desexaminável,que não é examinável,high_des,neg,desexaminável,-,examinável,examinar,ver,1454,46.33868608,3.162564407,4.665943715,8,high,correct
HD047_low,HD047,2,1,desplanejável,que pode ser desplanejado,high_des,neg,desplanejável,-,planejável,planejar,ver,1676,53.4137812,3.224274014,4.727653323,8,low,incorrect
HD047_high,HD047,2,2,desplanejável,que não é planejável,high_des,neg,desplanejável,-,planejável,planejar,ver,1676,53.4137812,3.224274014,4.727653323,8,high,correct
HD048_low,HD048,1,4,desexecutável,que pode ser desexecutado,high_des,neg,desexecutável,-,executável,executar,ver,1742,55.51718786,3.241048151,4.744427459,8,low,incorrect
HD048_high,HD048,1,1,desexecutável,que não é executável,high_des,neg,desexecutável,-,executável,executar,ver,1742,55.51718786,3.241048151,4.744427459,8,high,correct
HD049_low,HD049,4,3,desprotegível,que pode ser desprotegido,high_des,neg,desprotegível,-,protegível,proteger,ver,1892,60.29765754,3.276921132,4.780300441,8,low,incorrect
HD049_high,HD049,4,4,desprotegível,que não é protegível,high_des,neg,desprotegível,-,protegível,proteger,ver,1892,60.29765754,3.276921132,4.780300441,8,high,correct
HD050_low,HD050,1,4,desinterpretável,que pode ser desinterpretado,high_des,neg,desinterpretável,-,interpretável,interpretar,ver,1914,60.99879309,3.281941933,4.785321242,11,low,incorrect
HD050_high,HD050,1,1,desinterpretável,que não é interpretável,high_des,neg,desinterpretável,-,interpretável,interpretar,ver,1914,60.99879309,3.281941933,4.785321242,11,high,correct
HD051_low,HD051,3,2,desmedível,que pode ser desmedido,high_des,neg,desmedível,-,medível,medir,ver,1940,61.82740783,3.28780173,4.791181039,5,low,incorrect
HD051_high,HD051,3,3,desmedível,que não é medível,high_des,neg,desmedível,-,medível,medir,ver,1940,61.82740783,3.28780173,4.791181039,5,high,correct
HD052_low,HD052,2,1,descomparável,que pode ser descomparado,high_des,neg,descomparável,-,comparável,comparar,ver,2684,85.53853744,3.428782511,4.93216182,8,low,incorrect
HD052_high,HD052,2,2,descomparável,que não é comparável,high_des,neg,descomparável,-,comparável,comparar,ver,2684,85.53853744,3.428782511,4.93216182,8,high,correct
HD053_low,HD053,1,4,desacertável,que pode ser desacertado,high_des,neg,desacertável,-,acertável,acertar,ver,2751,87.67381389,3.43949059,4.942869899,7,low,incorrect
HD053_high,HD053,1,1,desacertável,que não é acertável,high_des,neg,desacertável,-,acertável,acertar,ver,2751,87.67381389,3.43949059,4.942869899,7,high,correct
HD054_low,HD054,4,3,desfavorável,que pode ser desfavorado,high_des,neg,desfavorável,-,favorável,favor,nom,3098,98.73263375,3.491081413,4.994460722,5,low,incorrect
HD054_high,HD054,4,4,desfavorável,que não é favorável,high_des,neg,desfavorável,-,favorável,favor,nom,3098,98.73263375,3.491081413,4.994460722,5,high,correct
HD055_low,HD055,2,1,descabível,que pode ser descabido,high_des,neg,descabível,-,cabível,caber,ver,3132,99.81620688,3.495821753,4.999201062,5,low,incorrect
HD055_high,HD055,2,2,descabível,que não é cabível,high_des,neg,descabível,-,cabível,caber,ver,3132,99.81620688,3.495821753,4.999201062,5,high,correct
HD056_low,HD056,3,2,desanalisável,que pode ser desanalisado,high_des,neg,desanalisável,-,analisável,analisar,ver,3273,104.3098484,3.514946005,5.018325314,8,low,incorrect
HD056_high,HD056,3,3,desanalisável,que não é analisável,high_des,neg,desanalisável,-,analisável,analisar,ver,3273,104.3098484,3.514946005,5.018325314,8,high,correct
HD057_low,HD057,4,3,despreocupável,que pode ser despreocupado,high_des,neg,despreocupável,-,preocupável,preocupar,ver,3503,111.6399019,3.544440137,5.047819446,9,low,incorrect
HD057_high,HD057,4,4,despreocupável,que não é preocupável,high_des,neg,despreocupável,-,preocupável,preocupar,ver,3503,111.6399019,3.544440137,5.047819446,9,high,correct
HD058_low,HD058,3,2,desavaliável,que pode ser desavaliado,high_des,neg,desavaliável,-,avaliável,avaliar,ver,3686,117.4720749,3.566555331,5.06993464,7,low,incorrect
HD058_high,HD058,3,3,desavaliável,que não é avaliável,high_des,neg,desavaliável,-,avaliável,avaliar,ver,3686,117.4720749,3.566555331,5.06993464,7,high,correct
HD059_low,HD059,1,4,desaprovável,que pode ser desaprovado,high_des,neg,desaprovável,-,aprovável,aprovar,ver,5741,182.9645095,3.758987547,5.262366856,7,low,incorrect
HD059_high,HD059,1,1,desaprovável,que não é aprovável,high_des,neg,desaprovável,-,aprovável,aprovar,ver,5741,182.9645095,3.758987547,5.262366856,7,high,correct
HD060_low,HD060,2,1,desacompanhável,que pode ser desacompanhado,high_des,neg,desacompanhável,-,acompanhável,acompanhar,ver,6780,216.0772294,3.831229694,5.334609003,10,low,incorrect
HD060_high,HD060,2,2,desacompanhável,que não é acompanhável,high_des,neg,desacompanhável,-,acompanhável,acompanhar,ver,6780,216.0772294,3.831229694,5.334609003,10,high,correct